{"type":"FeatureCollection", "features": [
{"type":"Feature","geometry":{"type":"Polygon","coordinates":[[[105.89,21.3273],[105.8652,21.3319],[105.8521,21.3498],[105.8486,21.3774],[105.8324,21.3763],[105.8101,21.3842],[105.789,21.3773],[105.7829,21.3616],[105.7764,21.3398],[105.7574,21.3034],[105.7358,21.2894],[105.7229,21.2683],[105.726,21.244],[105.7226,21.2259],[105.6874,21.2218],[105.6645,21.2402],[105.6571,21.222],[105.6267,21.2121],[105.6191,21.2019],[105.6218,21.1732],[105.5761,21.166],[105.5673,21.1616],[105.5197,21.1554],[105.4946,21.1595],[105.4679,21.1794],[105.4597,21.2267],[105.4489,21.2426],[105.4414,21.2731],[105.4116,21.2987],[105.3879,21.3045],[105.3604,21.2839],[105.354,21.2724],[105.35,21.2379],[105.3273,21.208],[105.2988,21.1909],[105.287,21.1624],[105.3157,21.1196],[105.3173,21.1042],[105.2985,21.0697],[105.2924,21.0502],[105.2988,21.0296],[105.3168,21.0135],[105.3448,21.0156],[105.3535,21.0096],[105.3833,21.0238],[105.3972,21.0014],[105.4173,20.9977],[105.4196,20.9866],[105.4554,20.9505],[105.4772,20.948],[105.4874,20.9366],[105.5178,20.9216],[105.5347,20.9266],[105.5757,20.9307],[105.5801,20.9202],[105.5579,20.9096],[105.5553,20.8826],[105.5824,20.8589],[105.585,20.8477],[105.5735,20.8236],[105.5807,20.8128],[105.5973,20.8421],[105.6148,20.8322],[105.6309,20.8369],[105.6301,20.7959],[105.6468,20.7937],[105.6487,20.7594],[105.6652,20.736],[105.6595,20.7262],[105.6798,20.6966],[105.6674,20.6785],[105.679,20.6634],[105.6842,20.6394],[105.6656,20.6182],[105.692,20.622],[105.705,20.6011],[105.7297,20.6029],[105.7596,20.5814],[105.7677,20.5648],[105.7954,20.5741],[105.8086,20.6059],[105.811,20.6333],[105.8285,20.6447],[105.8255,20.6657],[105.8522,20.6478],[105.8748,20.6441],[105.8946,20.6535],[105.9016,20.6674],[105.942,20.6826],[105.9448,20.655],[105.9736,20.6708],[105.9951,20.692],[105.9995,20.7046],[105.9719,20.7006],[105.9623,20.7262],[105.966,20.7741],[105.9288,20.7859],[105.9196,20.7938],[105.9094,20.8242],[105.9131,20.8414],[105.9294,20.8512],[105.9342,20.863],[105.9201,20.8807],[105.8978,20.8911],[105.8935,20.902],[105.9092,20.9148],[105.9106,20.9383],[105.9031,20.9546],[105.9121,20.9747],[105.9545,20.9691],[105.9603,20.9904],[105.9984,21.0023],[106.0016,21.0194],[106.0162,21.0379],[106.0171,21.049],[105.9914,21.0701],[105.9676,21.0729],[105.9579,21.0912],[105.9381,21.0868],[105.9283,21.113],[105.9106,21.1287],[105.9242,21.1451],[105.9153,21.1687],[105.9224,21.1835],[105.905,21.1939],[105.9134,21.2175],[105.9055,21.2323],[105.9369,21.247],[105.9213,21.2708],[105.9238,21.2936],[105.897,21.3069],[105.89,21.3273]]]},"properties":{"code":"01","name":"Hà Nội","nameEn":"Hanoi"}},
{"type":"Feature","geometry":{"type":"Polygon","coordinates":[[[106.5625,22.4242],[106.5654,22.4411],[106.5574,22.4653],[106.5814,22.4752],[106.5797,22.5185],[106.5981,22.5538],[106.6044,22.5968],[106.6286,22.6058],[106.6451,22.5796],[106.6614,22.5772],[106.6922,22.5848],[106.7083,22.5805],[106.727,22.6037],[106.7158,22.6099],[106.7407,22.6712],[106.7549,22.676],[106.7512,22.6975],[106.7754,22.7121],[106.7635,22.7207],[106.7631,22.7424],[106.7856,22.7559],[106.7853,22.7681],[106.8097,22.7715],[106.8334,22.8067],[106.8169,22.8205],[106.7831,22.815],[106.7525,22.8324],[106.7062,22.8694],[106.7142,22.8799],[106.6912,22.8922],[106.6646,22.8912],[106.6639,22.8776],[106.6445,22.8705],[106.6346,22.888],[106.6157,22.9005],[106.603,22.928],[106.5911,22.9344],[106.5645,22.9211],[106.5424,22.9298],[106.5367,22.9431],[106.5123,22.9482],[106.4987,22.9282],[106.4974,22.9078],[106.4728,22.9104],[106.4296,22.8849],[106.4133,22.8807],[106.375,22.8849],[106.344,22.8572],[106.3261,22.8744],[106.309,22.8656],[106.2568,22.8793],[106.2479,22.8927],[106.2624,22.9097],[106.2338,22.948],[106.2343,22.9547],[106.1992,22.986],[106.1635,22.9865],[106.1329,22.9975],[106.1159,22.9863],[106.0981,22.9885],[106.0815,23.0016],[106.0625,22.9932],[106.0028,22.9932],[106.0064,22.9699],[106.0003,22.9498],[105.988,22.9415],[105.9585,22.9518],[105.9389,22.9395],[105.9205,22.9475],[105.9067,22.9407],[105.8699,22.9341],[105.8535,22.9437],[105.8437,22.9593],[105.8528,22.9684],[105.8256,22.997],[105.8126,22.9899],[105.7932,23.0013],[105.778,23.0238],[105.7297,23.0377],[105.7199,23.0648],[105.6741,23.0647],[105.6417,23.0832],[105.6163,23.0686],[105.6028,23.0778],[105.583,23.0704],[105.5702,23.0732],[105.5601,23.0915],[105.5613,23.1195],[105.5448,23.1105],[105.529,23.1121],[105.5146,23.0736],[105.4938,23.0352],[105.4874,23.0101],[105.4226,23.0016],[105.3788,22.992],[105.3605,22.983],[105.3609,22.9432],[105.3336,22.9322],[105.3033,22.9049],[105.3027,22.8776],[105.2707,22.881],[105.2648,22.8685],[105.2772,22.8585],[105.3159,22.8476],[105.3474,22.8199],[105.3786,22.8119],[105.3936,22.7991],[105.4381,22.7734],[105.474,22.7449],[105.4742,22.7198],[105.4972,22.7029],[105.4849,22.6775],[105.4935,22.661],[105.4947,22.6351],[105.5289,22.6341],[105.5393,22.6377],[105.5478,22.6578],[105.5979,22.6791],[105.6168,22.7017],[105.6452,22.7018],[105.668,22.7255],[105.6932,22.7233],[105.731,22.7417],[105.7564,22.7249],[105.752,22.7073],[105.7709,22.6929],[105.7666,22.6811],[105.7481,22.6648],[105.7372,22.6438],[105.7265,22.6394],[105.7502,22.6103],[105.7464,22.5944],[105.7641,22.5886],[105.7752,22.5763],[105.7745,22.5514],[105.7901,22.5433],[105.8023,22.5261],[105.8337,22.5195],[105.8581,22.5224],[105.9122,22.4987],[105.9224,22.5209],[105.933,22.5285],[105.956,22.528],[106.0171,22.5599],[106.0344,22.562],[106.0468,22.5788],[106.0804,22.5699],[106.0994,22.517],[106.1158,22.5137],[106.117,22.4735],[106.0931,22.4462],[106.0992,22.4357],[106.0977,22.4139],[106.1063,22.4007],[106.139,22.3958],[106.1553,22.4092],[106.1746,22.4019],[106.1835,22.3872],[106.1989,22.4303],[106.2191,22.4563],[106.249,22.4583],[106.2761,22.4478],[106.2857,22.429],[106.312,22.4105],[106.3305,22.4122],[106.3418,22.3903],[106.341,22.3758],[106.3578,22.3595],[106.3757,22.3603],[106.392,22.3726],[106.4104,22.3707],[106.451,22.3585],[106.4857,22.3701],[106.4813,22.3809],[106.4931,22.4036],[106.5186,22.4002],[106.5345,22.4199],[106.5625,22.4242]]]},"properties":{"code":"04","name":"Cao Bằng","nameEn":"Cao Bang"}},
{"type":"Feature","geometry":{"type":"Polygon","coordinates":[[[105.5289,22.6341],[105.4947,22.6351],[105.4935,22.661],[105.4849,22.6775],[105.4972,22.7029],[105.4742,22.7198],[105.474,22.7449],[105.4381,22.7734],[105.3936,22.7991],[105.3786,22.8119],[105.3474,22.8199],[105.3159,22.8476],[105.2772,22.8585],[105.2648,22.8685],[105.2707,22.881],[105.3027,22.8776],[105.3033,22.9049],[105.3336,22.9322],[105.3609,22.9432],[105.3605,22.983],[105.3788,22.992],[105.4226,23.0016],[105.4874,23.0101],[105.4938,23.0352],[105.5146,23.0736],[105.529,23.1121],[105.5448,23.1105],[105.5613,23.1195],[105.5622,23.1443],[105.5728,23.1603],[105.5572,23.1718],[105.5501,23.1892],[105.5246,23.19],[105.4977,23.2035],[105.4892,23.2351],[105.4471,23.2815],[105.4396,23.3007],[105.419,23.286],[105.4018,23.2951],[105.3845,23.317],[105.3672,23.3242],[105.3496,23.3464],[105.3481,23.3676],[105.32,23.393],[105.2864,23.36],[105.2817,23.343],[105.2584,23.3439],[105.2495,23.3373],[105.2562,23.3204],[105.2367,23.2819],[105.2356,23.2667],[105.2083,23.2693],[105.1953,23.2809],[105.1817,23.2784],[105.1709,23.2903],[105.1516,23.2664],[105.108,23.2471],[105.0809,23.2677],[105.0498,23.2488],[105.0231,23.2206],[105.0003,23.2175],[104.9949,23.2044],[104.961,23.1999],[104.9453,23.1685],[104.9461,23.1522],[104.9257,23.1587],[104.8997,23.1798],[104.8813,23.1686],[104.8764,23.1293],[104.838,23.1161],[104.8001,23.1153],[104.8045,23.0846],[104.8151,23.0807],[104.812,23.0592],[104.826,23.0241],[104.8323,22.9834],[104.8561,22.9792],[104.8618,22.9511],[104.8347,22.9235],[104.8139,22.9228],[104.7713,22.9019],[104.7515,22.858],[104.7234,22.8523],[104.7327,22.8302],[104.7197,22.8221],[104.698,22.8274],[104.6722,22.8193],[104.646,22.8373],[104.6174,22.8406],[104.6112,22.8173],[104.5891,22.8532],[104.5749,22.8526],[104.5462,22.8414],[104.5457,22.8318],[104.5234,22.8162],[104.5149,22.7976],[104.4972,22.7866],[104.4702,22.7614],[104.4217,22.7385],[104.4071,22.7253],[104.3965,22.7025],[104.3845,22.7049],[104.3719,22.6909],[104.3529,22.6939],[104.3415,22.7145],[104.3357,22.6885],[104.3528,22.6765],[104.3885,22.68],[104.4032,22.6559],[104.4068,22.6396],[104.4283,22.6152],[104.4587,22.6112],[104.4641,22.5769],[104.4287,22.5766],[104.4128,22.532],[104.4326,22.5217],[104.449,22.4999],[104.4717,22.4874],[104.4479,22.4613],[104.4513,22.4451],[104.4648,22.4262],[104.4856,22.4212],[104.5292,22.3888],[104.5472,22.3817],[104.551,22.3562],[104.5688,22.3564],[104.5789,22.3455],[104.5639,22.3325],[104.5771,22.3048],[104.5434,22.2781],[104.5452,22.2476],[104.5552,22.2425],[104.5843,22.2534],[104.5852,22.2673],[104.6093,22.2921],[104.6397,22.2788],[104.6697,22.276],[104.6801,22.2629],[104.7174,22.2606],[104.7272,22.2387],[104.7198,22.2099],[104.7393,22.1886],[104.7534,22.184],[104.7664,22.1689],[104.782,22.1742],[104.8077,22.1726],[104.8458,22.1865],[104.8597,22.1489],[104.8631,22.0978],[104.8812,22.0729],[104.917,22.0607],[104.9281,22.0621],[104.9449,22.0376],[104.9623,22.0297],[104.9729,22.0417],[104.9914,22.0464],[104.9887,21.995],[104.9964,21.985],[104.9851,21.9413],[104.9884,21.9335],[105.0136,21.937],[105.02,21.9261],[105.013,21.9066],[105.0173,21.8957],[105.0398,21.8867],[105.0415,21.8684],[105.0578,21.8567],[105.0748,21.8328],[105.0973,21.8176],[105.0859,21.8066],[105.0736,21.782],[105.0785,21.77],[105.0659,21.7516],[105.0742,21.7246],[105.0848,21.7182],[105.1099,21.7072],[105.1475,21.6997],[105.1525,21.6872],[105.1707,21.6886],[105.2023,21.6641],[105.2329,21.6598],[105.2339,21.6438],[105.2228,21.6313],[105.2295,21.6206],[105.2489,21.6117],[105.243,21.5981],[105.2481,21.5837],[105.2705,21.5643],[105.2688,21.544],[105.2949,21.5357],[105.2991,21.5104],[105.3194,21.5135],[105.3351,21.5054],[105.3433,21.5185],[105.3692,21.5258],[105.3918,21.5126],[105.4072,21.5135],[105.4219,21.5027],[105.4482,21.5109],[105.4564,21.5192],[105.483,21.5206],[105.5204,21.5386],[105.5409,21.576],[105.5132,21.5998],[105.4989,21.6241],[105.4839,21.6715],[105.4878,21.7053],[105.4998,21.7276],[105.5147,21.7387],[105.5085,21.7508],[105.5216,21.7653],[105.4944,21.774],[105.4941,21.8317],[105.5239,21.834],[105.5269,21.8463],[105.5184,21.8763],[105.5368,21.8913],[105.5516,21.9139],[105.5491,21.9483],[105.5531,21.9593],[105.5334,21.9699],[105.5098,21.9899],[105.4937,22.0162],[105.4861,22.0481],[105.4664,22.07],[105.4713,22.0981],[105.4611,22.1154],[105.4728,22.1379],[105.4906,22.1526],[105.4686,22.163],[105.4601,22.1843],[105.4296,22.2137],[105.4372,22.2328],[105.4348,22.259],[105.4631,22.2672],[105.4649,22.2864],[105.4868,22.2941],[105.4783,22.3088],[105.4944,22.3204],[105.4977,22.3427],[105.5114,22.3513],[105.5122,22.3793],[105.5198,22.4026],[105.536,22.408],[105.5531,22.4028],[105.5514,22.4398],[105.5709,22.4744],[105.5939,22.4936],[105.593,22.5356],[105.5781,22.559],[105.5627,22.565],[105.5477,22.5852],[105.5428,22.6034],[105.5275,22.6214],[105.5289,22.6341]]]},"properties":{"code":"08","name":"Tuyên Quang","nameEn":"Tuyen Quang"}},
{"type":"Feature","geometry":{"type":"Polygon","coordinates":[[[103.4949,21.972],[103.4745,21.9803],[103.4535,22.0069],[103.4658,22.0319],[103.4528,22.0538],[103.4321,22.0583],[103.4177,22.0795],[103.4,22.1317],[103.3822,22.1573],[103.3324,22.1546],[103.32,22.145],[103.304,22.1174],[103.2843,22.1082],[103.2716,22.0723],[103.2885,22.051],[103.2787,22.04],[103.2406,22.0522],[103.2111,22.0697],[103.1776,22.0761],[103.1442,22.0708],[103.1288,22.0786],[103.1184,22.0949],[103.1009,22.1027],[103.0887,22.0739],[103.0938,22.062],[103.0608,22.0629],[103.0465,22.0507],[103.0164,22.0566],[102.9942,22.0473],[102.9823,22.028],[102.9621,22.0356],[102.9567,22.0523],[102.9395,22.0681],[102.9287,22.0692],[102.9234,22.0923],[102.8967,22.0787],[102.8773,22.0819],[102.8522,22.0664],[102.8233,22.0653],[102.7769,22.0891],[102.767,22.1151],[102.7403,22.136],[102.735,22.1721],[102.7435,22.1775],[102.7502,22.2052],[102.7467,22.2163],[102.7244,22.2383],[102.6892,22.2498],[102.6809,22.2421],[102.6955,22.2101],[102.6765,22.1713],[102.6395,22.1775],[102.6156,22.2018],[102.6172,22.2326],[102.5787,22.2604],[102.56,22.2601],[102.5538,22.2489],[102.5349,22.2459],[102.5115,22.2647],[102.503,22.2847],[102.4888,22.2984],[102.4521,22.3534],[102.423,22.3729],[102.4194,22.3855],[102.4036,22.3932],[102.3849,22.4119],[102.3938,22.42],[102.3892,22.462],[102.359,22.4794],[102.347,22.4923],[102.337,22.5284],[102.3181,22.5486],[102.2991,22.5325],[102.2902,22.513],[102.2486,22.4586],[102.2666,22.4306],[102.2618,22.4164],[102.2339,22.4286],[102.2167,22.4279],[102.185,22.4345],[102.1581,22.4305],[102.1415,22.4015],[102.1669,22.375],[102.1619,22.3628],[102.1753,22.3405],[102.1745,22.3078],[102.2281,22.2761],[102.2407,22.2567],[102.2384,22.2404],[102.2714,22.2357],[102.2764,22.2083],[102.3206,22.2019],[102.3308,22.192],[102.3325,22.1698],[102.3585,22.1663],[102.3805,22.1509],[102.382,22.1308],[102.4066,22.1274],[102.4323,22.1163],[102.4374,22.091],[102.4502,22.0734],[102.4925,22.038],[102.5156,22.0231],[102.487,22.0107],[102.4873,21.9937],[102.5089,21.9687],[102.5218,21.966],[102.5635,21.9387],[102.6058,21.9235],[102.6161,21.9049],[102.6096,21.8806],[102.6185,21.8693],[102.6406,21.8603],[102.6496,21.8059],[102.659,21.7898],[102.648,21.7641],[102.6445,21.7345],[102.6563,21.7137],[102.6622,21.6815],[102.6741,21.6567],[102.6902,21.6641],[102.7427,21.6637],[102.7631,21.681],[102.7842,21.7072],[102.7949,21.7116],[102.8222,21.7381],[102.8092,21.8211],[102.8138,21.8331],[102.849,21.8427],[102.8545,21.825],[102.8593,21.7672],[102.8577,21.7228],[102.8743,21.7062],[102.8855,21.7137],[102.9507,21.7318],[102.9705,21.7457],[102.9854,21.721],[102.9778,21.6986],[102.9864,21.6784],[102.9789,21.6472],[102.9839,21.631],[102.9874,21.5915],[102.9595,21.5562],[102.958,21.5463],[102.916,21.5061],[102.9075,21.4824],[102.8867,21.4773],[102.8837,21.4546],[102.868,21.4297],[102.8775,21.4265],[102.903,21.4342],[102.9147,21.4527],[102.9277,21.443],[102.9137,21.4061],[102.8953,21.3832],[102.8897,21.3309],[102.8958,21.3093],[102.8897,21.3033],[102.8527,21.2996],[102.8153,21.2714],[102.8177,21.2479],[102.8355,21.247],[102.8635,21.2557],[102.8858,21.2494],[102.9102,21.2309],[102.9034,21.1898],[102.9041,21.1651],[102.9329,21.1606],[102.9461,21.1452],[102.9384,21.132],[102.9624,21.1071],[102.9601,21.0829],[102.9714,21.0699],[102.9898,21.0622],[103.0121,21.0644],[103.029,21.0592],[103.0565,21.0028],[103.0787,20.973],[103.0824,20.9462],[103.1025,20.936],[103.1091,20.9037],[103.1267,20.9093],[103.1508,20.9051],[103.1655,20.9159],[103.1833,20.9053],[103.1959,20.907],[103.2137,20.8971],[103.2459,20.8948],[103.2872,20.9097],[103.2738,20.9383],[103.2934,20.9473],[103.2961,20.9718],[103.2899,20.9941],[103.2817,20.9985],[103.2858,21.0295],[103.2756,21.0614],[103.2989,21.0606],[103.2874,21.0803],[103.2908,21.099],[103.3214,21.0945],[103.3823,21.0615],[103.4215,21.0682],[103.4061,21.1056],[103.4039,21.1329],[103.3957,21.151],[103.4088,21.1652],[103.4279,21.1637],[103.4353,21.1973],[103.431,21.2083],[103.4344,21.2399],[103.4286,21.2538],[103.4381,21.2858],[103.4293,21.3117],[103.417,21.3187],[103.3968,21.3179],[103.3699,21.3316],[103.3698,21.3437],[103.3854,21.3613],[103.3827,21.3714],[103.3622,21.3733],[103.3537,21.3915],[103.329,21.4146],[103.3357,21.4261],[103.3744,21.4291],[103.3916,21.4387],[103.408,21.4275],[103.4478,21.4395],[103.454,21.4584],[103.4467,21.4877],[103.4535,21.5082],[103.4988,21.5345],[103.5138,21.535],[103.5167,21.5623],[103.5306,21.5706],[103.5296,21.5865],[103.5578,21.6267],[103.541,21.6469],[103.5555,21.6572],[103.569,21.6808],[103.5944,21.6842],[103.5819,21.7148],[103.555,21.764],[103.5413,21.7752],[103.5445,21.798],[103.5355,21.8313],[103.5208,21.8621],[103.4941,21.8754],[103.4777,21.9172],[103.4853,21.9336],[103.5045,21.9571],[103.4949,21.972]]]},"properties":{"code":"11","name":"Điện Biên","nameEn":"Dien Bien"}},
{"type":"Feature","geometry":{"type":"Polygon","coordinates":[[[103.5268,22.5965],[103.4866,22.6206],[103.455,22.6626],[103.4573,22.6803],[103.4305,22.7027],[103.4282,22.7371],[103.4377,22.7545],[103.4147,22.7664],[103.4107,22.7774],[103.3834,22.7866],[103.3714,22.8002],[103.3156,22.8079],[103.3161,22.7833],[103.3077,22.7651],[103.2846,22.7383],[103.2867,22.7185],[103.2814,22.6871],[103.2541,22.6729],[103.2244,22.651],[103.1914,22.6507],[103.1664,22.6174],[103.1567,22.597],[103.1603,22.5849],[103.1804,22.5591],[103.1587,22.5452],[103.1368,22.5421],[103.1146,22.5191],[103.0821,22.5122],[103.0698,22.4912],[103.0767,22.4525],[103.0283,22.4439],[103.0057,22.4624],[102.99,22.4652],[102.9843,22.4804],[102.9567,22.4856],[102.9269,22.4848],[102.9188,22.5092],[102.9061,22.5257],[102.8869,22.5381],[102.8697,22.5751],[102.8755,22.5886],[102.8585,22.6115],[102.8412,22.6136],[102.8237,22.6274],[102.8143,22.6226],[102.786,22.6275],[102.7797,22.6475],[102.7607,22.6495],[102.7457,22.669],[102.7293,22.6694],[102.7078,22.684],[102.7056,22.696],[102.6878,22.7053],[102.6543,22.6923],[102.6033,22.7348],[102.5847,22.7225],[102.5835,22.7101],[102.5649,22.7065],[102.5602,22.7255],[102.5454,22.7481],[102.4969,22.781],[102.4574,22.7666],[102.4496,22.7517],[102.4541,22.7347],[102.4429,22.7286],[102.4336,22.7036],[102.4041,22.6865],[102.3821,22.6813],[102.4027,22.6334],[102.3768,22.602],[102.3458,22.5891],[102.3512,22.5669],[102.3206,22.559],[102.3181,22.5486],[102.337,22.5284],[102.347,22.4923],[102.359,22.4794],[102.3892,22.462],[102.3938,22.42],[102.3849,22.4119],[102.4036,22.3932],[102.4194,22.3855],[102.423,22.3729],[102.4521,22.3534],[102.4888,22.2984],[102.503,22.2847],[102.5115,22.2647],[102.5349,22.2459],[102.5538,22.2489],[102.56,22.2601],[102.5787,22.2604],[102.6172,22.2326],[102.6156,22.2018],[102.6395,22.1775],[102.6765,22.1713],[102.6955,22.2101],[102.6809,22.2421],[102.6892,22.2498],[102.7244,22.2383],[102.7467,22.2163],[102.7502,22.2052],[102.7435,22.1775],[102.735,22.1721],[102.7403,22.136],[102.767,22.1151],[102.7769,22.0891],[102.8233,22.0653],[102.8522,22.0664],[102.8773,22.0819],[102.8967,22.0787],[102.9234,22.0923],[102.9287,22.0692],[102.9395,22.0681],[102.9567,22.0523],[102.9621,22.0356],[102.9823,22.028],[102.9942,22.0473],[103.0164,22.0566],[103.0465,22.0507],[103.0608,22.0629],[103.0938,22.062],[103.0887,22.0739],[103.1009,22.1027],[103.1184,22.0949],[103.1288,22.0786],[103.1442,22.0708],[103.1776,22.0761],[103.2111,22.0697],[103.2406,22.0522],[103.2787,22.04],[103.2885,22.051],[103.2716,22.0723],[103.2843,22.1082],[103.304,22.1174],[103.32,22.145],[103.3324,22.1546],[103.3822,22.1573],[103.4,22.1317],[103.4177,22.0795],[103.4321,22.0583],[103.4528,22.0538],[103.4658,22.0319],[103.4535,22.0069],[103.4745,21.9803],[103.4949,21.972],[103.5112,21.9917],[103.5104,22.0127],[103.5397,22.0308],[103.6032,22.0117],[103.6283,21.993],[103.6489,21.9942],[103.6647,21.9512],[103.6824,21.9462],[103.6811,21.9233],[103.6984,21.9109],[103.7022,21.8889],[103.7204,21.8798],[103.6949,21.8269],[103.7169,21.8115],[103.7516,21.8112],[103.7532,21.784],[103.7742,21.7796],[103.8028,21.7411],[103.832,21.7347],[103.839,21.7044],[103.8515,21.6927],[103.8784,21.6896],[103.8788,21.7079],[103.9059,21.6965],[103.9215,21.7012],[103.9118,21.7164],[103.9157,21.7373],[103.9506,21.7542],[103.9648,21.7682],[103.95,21.7998],[103.916,21.8402],[103.8862,21.8682],[103.8855,21.8992],[103.8937,21.9218],[103.9225,21.9303],[103.9426,21.9198],[103.9598,21.9383],[103.9686,21.9589],[103.9833,21.9681],[103.954,22.0014],[103.9612,22.017],[103.9512,22.0279],[103.9554,22.0409],[103.9474,22.0705],[103.9368,22.085],[103.9419,22.1036],[103.9339,22.1424],[103.918,22.1439],[103.8874,22.1742],[103.8688,22.1787],[103.8704,22.1984],[103.8562,22.2071],[103.8409,22.2274],[103.8413,22.2389],[103.8181,22.2775],[103.787,22.3019],[103.7611,22.3154],[103.7786,22.3484],[103.7651,22.3607],[103.7653,22.383],[103.7423,22.4107],[103.7269,22.4175],[103.7044,22.4085],[103.6437,22.4047],[103.6227,22.399],[103.6026,22.4123],[103.6,22.4275],[103.5875,22.4315],[103.5536,22.4723],[103.576,22.4929],[103.5915,22.5293],[103.5657,22.5685],[103.5683,22.5803],[103.5268,22.5965]]]},"properties":{"code":"12","name":"Lai Châu","nameEn":"Lai Chau"}},
{"type":"Feature","geometry":{"type":"Polygon","coordinates":[[[103.9215,21.7012],[103.9059,21.6965],[103.8788,21.7079],[103.8784,21.6896],[103.8515,21.6927],[103.839,21.7044],[103.832,21.7347],[103.8028,21.7411],[103.7742,21.7796],[103.7532,21.784],[103.7516,21.8112],[103.7169,21.8115],[103.6949,21.8269],[103.7204,21.8798],[103.7022,21.8889],[103.6984,21.9109],[103.6811,21.9233],[103.6824,21.9462],[103.6647,21.9512],[103.6489,21.9942],[103.6283,21.993],[103.6032,22.0117],[103.5397,22.0308],[103.5104,22.0127],[103.5112,21.9917],[103.4949,21.972],[103.5045,21.9571],[103.4853,21.9336],[103.4777,21.9172],[103.4941,21.8754],[103.5208,21.8621],[103.5355,21.8313],[103.5445,21.798],[103.5413,21.7752],[103.555,21.764],[103.5819,21.7148],[103.5944,21.6842],[103.569,21.6808],[103.5555,21.6572],[103.541,21.6469],[103.5578,21.6267],[103.5296,21.5865],[103.5306,21.5706],[103.5167,21.5623],[103.5138,21.535],[103.4988,21.5345],[103.4535,21.5082],[103.4467,21.4877],[103.454,21.4584],[103.4478,21.4395],[103.408,21.4275],[103.3916,21.4387],[103.3744,21.4291],[103.3357,21.4261],[103.329,21.4146],[103.3537,21.3915],[103.3622,21.3733],[103.3827,21.3714],[103.3854,21.3613],[103.3698,21.3437],[103.3699,21.3316],[103.3968,21.3179],[103.417,21.3187],[103.4293,21.3117],[103.4381,21.2858],[103.4286,21.2538],[103.4344,21.2399],[103.431,21.2083],[103.4353,21.1973],[103.4279,21.1637],[103.4088,21.1652],[103.3957,21.151],[103.4039,21.1329],[103.4061,21.1056],[103.4215,21.0682],[103.3823,21.0615],[103.3214,21.0945],[103.2908,21.099],[103.2874,21.0803],[103.2989,21.0606],[103.2756,21.0614],[103.2858,21.0295],[103.2817,20.9985],[103.2899,20.9941],[103.2961,20.9718],[103.2934,20.9473],[103.2738,20.9383],[103.2872,20.9097],[103.2459,20.8948],[103.2137,20.8971],[103.231,20.8758],[103.2243,20.8542],[103.2323,20.8385],[103.2571,20.8261],[103.2914,20.8352],[103.2958,20.8227],[103.323,20.8179],[103.3458,20.8053],[103.3649,20.8061],[103.3824,20.7887],[103.3973,20.7839],[103.4121,20.7973],[103.438,20.7994],[103.4413,20.8173],[103.4604,20.8281],[103.4778,20.8116],[103.4809,20.7878],[103.5146,20.7525],[103.5352,20.7553],[103.5486,20.747],[103.5796,20.7498],[103.6021,20.743],[103.6108,20.7318],[103.6362,20.7196],[103.6467,20.7],[103.6681,20.6969],[103.673,20.6708],[103.6932,20.6638],[103.7308,20.6702],[103.7432,20.6825],[103.7324,20.701],[103.7266,20.7314],[103.7675,20.7375],[103.7877,20.7481],[103.785,20.7808],[103.7737,20.806],[103.8011,20.8308],[103.7982,20.8492],[103.8199,20.8737],[103.8442,20.8632],[103.8798,20.8968],[103.8972,20.9073],[103.9304,20.9046],[103.9541,20.8974],[103.968,20.913],[103.9936,20.9064],[104.0308,20.905],[104.0458,20.9171],[104.0511,20.9508],[104.0809,20.9618],[104.0986,20.9774],[104.1179,20.9729],[104.1273,20.9516],[104.1866,20.9575],[104.1926,20.9479],[104.2397,20.9349],[104.2377,20.9123],[104.2514,20.9007],[104.2606,20.9175],[104.2792,20.9282],[104.2913,20.921],[104.3308,20.8813],[104.3293,20.8676],[104.3682,20.8258],[104.3838,20.8288],[104.4229,20.7943],[104.4458,20.8001],[104.4491,20.7832],[104.4802,20.7682],[104.493,20.7169],[104.5064,20.7176],[104.5196,20.703],[104.5284,20.7151],[104.5572,20.7208],[104.5827,20.7016],[104.583,20.6843],[104.5962,20.676],[104.6331,20.6738],[104.6344,20.6544],[104.6614,20.6253],[104.682,20.6129],[104.6816,20.5988],[104.7138,20.6055],[104.7375,20.5756],[104.7632,20.5825],[104.7744,20.578],[104.7989,20.5895],[104.7971,20.6203],[104.8184,20.6394],[104.8445,20.6518],[104.835,20.661],[104.8389,20.6793],[104.8351,20.7005],[104.8437,20.7314],[104.8355,20.7473],[104.8654,20.7635],[104.8851,20.761],[104.9161,20.7442],[104.9363,20.7472],[104.9818,20.7249],[105,20.7239],[105.0151,20.7324],[104.9922,20.7613],[105.0218,20.8027],[105,20.8152],[105.0044,20.8417],[104.9962,20.8706],[104.9775,20.8927],[104.9725,20.9093],[104.9575,20.918],[104.9333,20.9417],[104.9222,20.9624],[104.8991,20.982],[104.8886,21.0098],[104.8648,21.033],[104.8508,21.0734],[104.8659,21.0772],[104.8743,21.0987],[104.9106,21.1129],[104.8934,21.1306],[104.8518,21.1525],[104.8572,21.1741],[104.8499,21.1836],[104.8621,21.2106],[104.8428,21.2267],[104.8537,21.2368],[104.8397,21.2667],[104.8395,21.3111],[104.8146,21.3267],[104.8121,21.3353],[104.7899,21.3353],[104.779,21.3286],[104.7669,21.345],[104.7468,21.3565],[104.7322,21.3882],[104.7335,21.4031],[104.6876,21.4003],[104.6812,21.3778],[104.6386,21.3872],[104.591,21.4228],[104.5774,21.4107],[104.5315,21.4155],[104.5224,21.4095],[104.5063,21.3829],[104.4776,21.3565],[104.4295,21.3558],[104.4179,21.3647],[104.4095,21.3876],[104.3888,21.4018],[104.3621,21.4022],[104.3481,21.4184],[104.3247,21.4116],[104.318,21.4273],[104.3019,21.4347],[104.3006,21.454],[104.281,21.4719],[104.2898,21.5042],[104.2895,21.5292],[104.2749,21.5514],[104.295,21.5733],[104.2871,21.6025],[104.314,21.6175],[104.3368,21.6421],[104.333,21.6558],[104.2971,21.6537],[104.2889,21.6608],[104.2586,21.6644],[104.2502,21.6726],[104.2112,21.6719],[104.1904,21.648],[104.1592,21.6569],[104.1305,21.6549],[104.0883,21.6433],[104.0224,21.6723],[104.0066,21.6666],[103.9799,21.6781],[103.9657,21.6658],[103.9359,21.6705],[103.9346,21.6888],[103.9215,21.7012]]]},"properties":{"code":"14","name":"Sơn La","nameEn":"Son La"}},
{"type":"Feature","geometry":{"type":"Polygon","coordinates":[[[105.0848,21.7182],[105.0742,21.7246],[105.0659,21.7516],[105.0785,21.77],[105.0736,21.782],[105.0859,21.8066],[105.0973,21.8176],[105.0748,21.8328],[105.0578,21.8567],[105.0415,21.8684],[105.0398,21.8867],[105.0173,21.8957],[105.013,21.9066],[105.02,21.9261],[105.0136,21.937],[104.9884,21.9335],[104.9851,21.9413],[104.9964,21.985],[104.9887,21.995],[104.9914,22.0464],[104.9729,22.0417],[104.9623,22.0297],[104.9449,22.0376],[104.9281,22.0621],[104.917,22.0607],[104.8812,22.0729],[104.8631,22.0978],[104.8597,22.1489],[104.8458,22.1865],[104.8077,22.1726],[104.782,22.1742],[104.7664,22.1689],[104.7534,22.184],[104.7393,22.1886],[104.7198,22.2099],[104.7272,22.2387],[104.7174,22.2606],[104.6801,22.2629],[104.6697,22.276],[104.6397,22.2788],[104.6093,22.2921],[104.5852,22.2673],[104.5843,22.2534],[104.5552,22.2425],[104.5452,22.2476],[104.5434,22.2781],[104.5771,22.3048],[104.5639,22.3325],[104.5789,22.3455],[104.5688,22.3564],[104.551,22.3562],[104.5472,22.3817],[104.5292,22.3888],[104.4856,22.4212],[104.4648,22.4262],[104.4513,22.4451],[104.4479,22.4613],[104.4717,22.4874],[104.449,22.4999],[104.4326,22.5217],[104.4128,22.532],[104.4287,22.5766],[104.4641,22.5769],[104.4587,22.6112],[104.4283,22.6152],[104.4068,22.6396],[104.4032,22.6559],[104.3885,22.68],[104.3528,22.6765],[104.3357,22.6885],[104.3415,22.7145],[104.3164,22.7325],[104.3001,22.7322],[104.2678,22.743],[104.2548,22.7818],[104.2698,22.8298],[104.2627,22.8436],[104.2423,22.8443],[104.218,22.8297],[104.1823,22.8271],[104.1361,22.8068],[104.1152,22.8124],[104.0971,22.7964],[104.087,22.7732],[104.0626,22.7553],[104.0406,22.729],[104.0275,22.6879],[104.0368,22.6831],[104.0236,22.614],[104.0122,22.5832],[104.014,22.5507],[104.0048,22.5414],[104.0099,22.5246],[103.9893,22.5201],[103.9775,22.5094],[103.9619,22.5079],[103.9442,22.5254],[103.9182,22.5347],[103.8897,22.5699],[103.8742,22.5663],[103.8608,22.585],[103.8194,22.6212],[103.8114,22.6395],[103.782,22.669],[103.7661,22.691],[103.7518,22.6893],[103.7375,22.7113],[103.7008,22.7456],[103.6831,22.7547],[103.6663,22.7723],[103.6606,22.7876],[103.6438,22.7951],[103.6155,22.7839],[103.6186,22.7764],[103.59,22.7369],[103.5635,22.7072],[103.5653,22.6844],[103.5771,22.6662],[103.5674,22.6444],[103.552,22.6369],[103.5268,22.5965],[103.5683,22.5803],[103.5657,22.5685],[103.5915,22.5293],[103.576,22.4929],[103.5536,22.4723],[103.5875,22.4315],[103.6,22.4275],[103.6026,22.4123],[103.6227,22.399],[103.6437,22.4047],[103.7044,22.4085],[103.7269,22.4175],[103.7423,22.4107],[103.7653,22.383],[103.7651,22.3607],[103.7786,22.3484],[103.7611,22.3154],[103.787,22.3019],[103.8181,22.2775],[103.8413,22.2389],[103.8409,22.2274],[103.8562,22.2071],[103.8704,22.1984],[103.8688,22.1787],[103.8874,22.1742],[103.918,22.1439],[103.9339,22.1424],[103.9419,22.1036],[103.9368,22.085],[103.9474,22.0705],[103.9554,22.0409],[103.9512,22.0279],[103.9612,22.017],[103.954,22.0014],[103.9833,21.9681],[103.9686,21.9589],[103.9598,21.9383],[103.9426,21.9198],[103.9225,21.9303],[103.8937,21.9218],[103.8855,21.8992],[103.8862,21.8682],[103.916,21.8402],[103.95,21.7998],[103.9648,21.7682],[103.9506,21.7542],[103.9157,21.7373],[103.9118,21.7164],[103.9215,21.7012],[103.9346,21.6888],[103.9359,21.6705],[103.9657,21.6658],[103.9799,21.6781],[104.0066,21.6666],[104.0224,21.6723],[104.0883,21.6433],[104.1305,21.6549],[104.1592,21.6569],[104.1904,21.648],[104.2112,21.6719],[104.2502,21.6726],[104.2586,21.6644],[104.2889,21.6608],[104.2971,21.6537],[104.333,21.6558],[104.3368,21.6421],[104.314,21.6175],[104.2871,21.6025],[104.295,21.5733],[104.2749,21.5514],[104.2895,21.5292],[104.2898,21.5042],[104.281,21.4719],[104.3006,21.454],[104.3019,21.4347],[104.318,21.4273],[104.3247,21.4116],[104.3481,21.4184],[104.3621,21.4022],[104.3888,21.4018],[104.4095,21.3876],[104.4179,21.3647],[104.4295,21.3558],[104.4776,21.3565],[104.5063,21.3829],[104.5224,21.4095],[104.5315,21.4155],[104.5774,21.4107],[104.591,21.4228],[104.6386,21.3872],[104.6812,21.3778],[104.6876,21.4003],[104.7335,21.4031],[104.7322,21.3882],[104.7468,21.3565],[104.7669,21.345],[104.779,21.3286],[104.7899,21.3353],[104.8121,21.3353],[104.8475,21.3412],[104.8536,21.3655],[104.8719,21.3489],[104.8915,21.3441],[104.8976,21.3574],[104.8816,21.3762],[104.9059,21.4177],[104.9109,21.4391],[104.8837,21.4996],[104.8819,21.5261],[104.8662,21.5466],[104.9004,21.5698],[104.8894,21.6064],[104.9049,21.6105],[104.9024,21.6279],[104.9115,21.6378],[104.9332,21.6441],[104.953,21.6621],[104.9653,21.6497],[104.9814,21.6619],[104.9785,21.675],[105.0184,21.6892],[105.029,21.7002],[105.0512,21.6896],[105.0922,21.6806],[105.0949,21.699],[105.0848,21.7182]]]},"properties":{"code":"15","name":"Lào Cai","nameEn":"Lao Cai"}},
{"type":"Feature","geometry":{"type":"Polygon","coordinates":[[[106.1842,21.6061],[106.1949,21.619],[106.1905,21.6488],[106.2232,21.6803],[106.2347,21.7125],[106.2337,21.7278],[106.216,21.7286],[106.1805,21.7428],[106.1473,21.7634],[106.1346,21.7854],[106.116,21.783],[106.0937,21.8211],[106.1088,21.841],[106.1137,21.8724],[106.112,21.8915],[106.1257,21.9006],[106.1302,21.9211],[106.0959,21.9391],[106.0978,21.9605],[106.1119,21.9669],[106.1088,22.0165],[106.096,22.0294],[106.1003,22.0446],[106.0973,22.0689],[106.1125,22.0722],[106.119,22.0848],[106.1545,22.0826],[106.1678,22.1125],[106.1897,22.1442],[106.23,22.1759],[106.2199,22.1952],[106.2242,22.2151],[106.2352,22.2226],[106.2448,22.2564],[106.2345,22.2786],[106.2115,22.2902],[106.1977,22.3116],[106.2023,22.3292],[106.2179,22.3488],[106.2063,22.3698],[106.1835,22.3872],[106.1746,22.4019],[106.1553,22.4092],[106.139,22.3958],[106.1063,22.4007],[106.0977,22.4139],[106.0992,22.4357],[106.0931,22.4462],[106.117,22.4735],[106.1158,22.5137],[106.0994,22.517],[106.0804,22.5699],[106.0468,22.5788],[106.0344,22.562],[106.0171,22.5599],[105.956,22.528],[105.933,22.5285],[105.9224,22.5209],[105.9122,22.4987],[105.8581,22.5224],[105.8337,22.5195],[105.8023,22.5261],[105.7901,22.5433],[105.7745,22.5514],[105.7752,22.5763],[105.7641,22.5886],[105.7464,22.5944],[105.7502,22.6103],[105.7265,22.6394],[105.7372,22.6438],[105.7481,22.6648],[105.7666,22.6811],[105.7709,22.6929],[105.752,22.7073],[105.7564,22.7249],[105.731,22.7417],[105.6932,22.7233],[105.668,22.7255],[105.6452,22.7018],[105.6168,22.7017],[105.5979,22.6791],[105.5478,22.6578],[105.5393,22.6377],[105.5289,22.6341],[105.5275,22.6214],[105.5428,22.6034],[105.5477,22.5852],[105.5627,22.565],[105.5781,22.559],[105.593,22.5356],[105.5939,22.4936],[105.5709,22.4744],[105.5514,22.4398],[105.5531,22.4028],[105.536,22.408],[105.5198,22.4026],[105.5122,22.3793],[105.5114,22.3513],[105.4977,22.3427],[105.4944,22.3204],[105.4783,22.3088],[105.4868,22.2941],[105.4649,22.2864],[105.4631,22.2672],[105.4348,22.259],[105.4372,22.2328],[105.4296,22.2137],[105.4601,22.1843],[105.4686,22.163],[105.4906,22.1526],[105.4728,22.1379],[105.4611,22.1154],[105.4713,22.0981],[105.4664,22.07],[105.4861,22.0481],[105.4937,22.0162],[105.5098,21.9899],[105.5334,21.9699],[105.5531,21.9593],[105.5491,21.9483],[105.5516,21.9139],[105.5368,21.8913],[105.5184,21.8763],[105.5269,21.8463],[105.5239,21.834],[105.4941,21.8317],[105.4944,21.774],[105.5216,21.7653],[105.5085,21.7508],[105.5147,21.7387],[105.4998,21.7276],[105.4878,21.7053],[105.4839,21.6715],[105.4989,21.6241],[105.5132,21.5998],[105.5409,21.576],[105.5619,21.5614],[105.5973,21.5293],[105.6283,21.4909],[105.6352,21.4761],[105.6573,21.4604],[105.6705,21.4599],[105.6855,21.4436],[105.7236,21.4307],[105.7299,21.4117],[105.747,21.4166],[105.7634,21.3953],[105.7591,21.3795],[105.7829,21.3616],[105.789,21.3773],[105.8101,21.3842],[105.8324,21.3763],[105.8486,21.3774],[105.8521,21.3498],[105.8652,21.3319],[105.89,21.3273],[105.9083,21.3756],[105.9389,21.3748],[105.9416,21.395],[105.9544,21.4081],[105.9553,21.432],[105.9945,21.4072],[106.0256,21.3987],[106.0331,21.4105],[106.0245,21.4346],[106.0405,21.4404],[106.0496,21.4559],[106.0393,21.4752],[106.0416,21.5189],[106.0544,21.5528],[106.0286,21.563],[106.0464,21.582],[106.0556,21.6022],[106.0843,21.6218],[106.0974,21.6253],[106.1161,21.6176],[106.16,21.6258],[106.1842,21.6061]]]},"properties":{"code":"19","name":"Thái Nguyên","nameEn":"Thai Nguyen"}},
{"type":"Feature","geometry":{"type":"Polygon","coordinates":[[[106.5625,22.4242],[106.5345,22.4199],[106.5186,22.4002],[106.4931,22.4036],[106.4813,22.3809],[106.4857,22.3701],[106.451,22.3585],[106.4104,22.3707],[106.392,22.3726],[106.3757,22.3603],[106.3578,22.3595],[106.341,22.3758],[106.3418,22.3903],[106.3305,22.4122],[106.312,22.4105],[106.2857,22.429],[106.2761,22.4478],[106.249,22.4583],[106.2191,22.4563],[106.1989,22.4303],[106.1835,22.3872],[106.2063,22.3698],[106.2179,22.3488],[106.2023,22.3292],[106.1977,22.3116],[106.2115,22.2902],[106.2345,22.2786],[106.2448,22.2564],[106.2352,22.2226],[106.2242,22.2151],[106.2199,22.1952],[106.23,22.1759],[106.1897,22.1442],[106.1678,22.1125],[106.1545,22.0826],[106.119,22.0848],[106.1125,22.0722],[106.0973,22.0689],[106.1003,22.0446],[106.096,22.0294],[106.1088,22.0165],[106.1119,21.9669],[106.0978,21.9605],[106.0959,21.9391],[106.1302,21.9211],[106.1257,21.9006],[106.112,21.8915],[106.1137,21.8724],[106.1088,21.841],[106.0937,21.8211],[106.116,21.783],[106.1346,21.7854],[106.1473,21.7634],[106.1805,21.7428],[106.216,21.7286],[106.2337,21.7278],[106.2347,21.7125],[106.2232,21.6803],[106.1905,21.6488],[106.1949,21.619],[106.1842,21.6061],[106.1686,21.5976],[106.1655,21.5421],[106.169,21.5122],[106.2072,21.4984],[106.2334,21.4957],[106.2394,21.488],[106.2731,21.4945],[106.2851,21.491],[106.2823,21.4526],[106.2998,21.4431],[106.3076,21.4526],[106.3295,21.4405],[106.3223,21.415],[106.3355,21.4013],[106.3755,21.3953],[106.3943,21.4062],[106.4139,21.4099],[106.4037,21.4295],[106.417,21.4384],[106.4632,21.4377],[106.4808,21.4507],[106.4925,21.483],[106.5133,21.492],[106.5168,21.5036],[106.5066,21.5264],[106.5202,21.5367],[106.5261,21.5605],[106.5691,21.6024],[106.5941,21.6005],[106.6129,21.6083],[106.6273,21.6029],[106.67,21.6075],[106.7004,21.5937],[106.6982,21.5728],[106.7363,21.5445],[106.7541,21.5426],[106.7545,21.5679],[106.7821,21.5773],[106.8002,21.5618],[106.8176,21.564],[106.8421,21.5592],[106.8582,21.5237],[106.8385,21.514],[106.8404,21.4972],[106.8722,21.4977],[106.8847,21.4933],[106.8992,21.4683],[106.8905,21.4603],[106.9085,21.4325],[106.9443,21.4343],[106.9552,21.4251],[106.9824,21.4408],[107.0003,21.4257],[106.9841,21.4018],[106.9903,21.3823],[106.9875,21.3596],[107.0156,21.343],[107.0299,21.3243],[107.0488,21.3314],[107.0582,21.3468],[107.0766,21.3479],[107.0933,21.3599],[107.0955,21.3749],[107.1695,21.3651],[107.1839,21.3762],[107.2137,21.3896],[107.2392,21.366],[107.2508,21.3684],[107.2618,21.4023],[107.2468,21.426],[107.2377,21.4598],[107.2441,21.4811],[107.231,21.5211],[107.2213,21.5206],[107.2039,21.5444],[107.2309,21.555],[107.2423,21.5496],[107.2566,21.5642],[107.279,21.5664],[107.2934,21.5943],[107.3054,21.597],[107.3295,21.5898],[107.3606,21.6017],[107.3552,21.6698],[107.3441,21.6783],[107.3183,21.7152],[107.3195,21.7257],[107.2956,21.7433],[107.2856,21.7338],[107.2655,21.7316],[107.2458,21.707],[107.2204,21.709],[107.1965,21.7219],[107.1953,21.7345],[107.1823,21.7485],[107.138,21.764],[107.1313,21.7768],[107.1099,21.7946],[107.0886,21.8011],[107.0782,21.8108],[107.0605,21.8109],[107.0274,21.8188],[107.0027,21.8357],[107.015,21.8627],[107.0526,21.8851],[107.0614,21.8972],[107.0456,21.9303],[107.0152,21.9471],[106.9861,21.9491],[106.9777,21.929],[106.9593,21.921],[106.9495,21.9323],[106.9289,21.9316],[106.916,21.9762],[106.9013,21.973],[106.8776,21.9827],[106.8324,21.9846],[106.8114,21.9744],[106.7859,21.9922],[106.7694,22.0121],[106.7363,22.0084],[106.7173,21.975],[106.693,21.9732],[106.6817,21.986],[106.6815,22.0045],[106.7063,22.0277],[106.6954,22.055],[106.7043,22.0672],[106.7106,22.0976],[106.6907,22.1214],[106.6952,22.1548],[106.669,22.1846],[106.6788,22.2058],[106.6935,22.2069],[106.6997,22.2206],[106.6831,22.2661],[106.6864,22.2817],[106.6648,22.2874],[106.6656,22.3076],[106.6561,22.3356],[106.6459,22.3409],[106.6188,22.334],[106.6113,22.3403],[106.5813,22.3407],[106.5589,22.3483],[106.5598,22.3653],[106.5833,22.3787],[106.5831,22.396],[106.57,22.405],[106.5625,22.4242]]]},"properties":{"code":"20","name":"Lạng Sơn","nameEn":"Lang Son"}},
{"type":"Feature","geometry":{"type":"MultiPolygon","coordinates":[[[[107.1304,20.7649],[107.1214,20.7599],[107.1283,20.7412],[107.1408,20.7414],[107.1526,20.7542],[107.1304,20.7649]]],[[[107.414,20.7814],[107.4173,20.8029],[107.3979,20.8008],[107.3987,20.7806],[107.414,20.7814]]],[[[107.1262,20.7958],[107.1146,20.7869],[107.1212,20.7704],[107.1398,20.7842],[107.1262,20.7958]]],[[[107.3444,20.8527],[107.3324,20.8508],[107.348,20.8088],[107.3797,20.8028],[107.3787,20.8238],[107.3603,20.8308],[107.3444,20.8527]]],[[[107.3433,20.8885],[107.3269,20.8799],[107.3485,20.8632],[107.3713,20.8606],[107.3933,20.8792],[107.3836,20.8917],[107.3433,20.8885]]],[[[106.9678,20.9397],[106.9601,20.9253],[106.9759,20.915],[106.9963,20.9318],[106.9895,20.9422],[106.9678,20.9397]]],[[[107.5362,20.9171],[107.5557,20.9333],[107.5363,20.9387],[107.5307,20.9179],[107.5071,20.9128],[107.4774,20.9002],[107.5112,20.8939],[107.5362,20.9171]]],[[[107.382,20.9612],[107.3454,20.9394],[107.3246,20.9434],[107.3165,20.9325],[107.3408,20.9265],[107.3642,20.9337],[107.3826,20.9519],[107.382,20.9612]]],[[[107.4486,20.953],[107.4464,20.9692],[107.4185,20.9423],[107.4032,20.9208],[107.3513,20.9072],[107.3539,20.9017],[107.4032,20.9137],[107.4461,20.9469],[107.4486,20.953]]],[[[107.7533,21.0134],[107.7414,21.0223],[107.7303,21.0064],[107.7338,20.9921],[107.756,20.9807],[107.7747,20.9843],[107.7533,21.0134]]],[[[107.8593,21.0411],[107.8336,21.043],[107.8135,21.0161],[107.803,20.9941],[107.8121,20.984],[107.8417,21.018],[107.8618,21.0285],[107.8593,21.0411]]],[[[107.5544,21.0303],[107.5365,21.0133],[107.5162,21.0223],[107.5091,21.0039],[107.4951,20.9998],[107.4683,20.975],[107.4568,20.9568],[107.4642,20.9416],[107.4108,20.9082],[107.4533,20.9177],[107.4613,20.9071],[107.5139,20.9226],[107.521,20.9323],[107.5369,20.9777],[107.5473,20.9946],[107.544,21.0198],[107.5544,21.0303]]],[[[107.5317,21.0555],[107.5242,21.0678],[107.4976,21.0497],[107.5222,21.0464],[107.5317,21.0555]]],[[[107.5791,21.1172],[107.55,21.1179],[107.524,21.0789],[107.538,21.0678],[107.569,21.0849],[107.5791,21.1172]]],[[[107.5818,20.9996],[107.5864,21.0235],[107.5951,21.0311],[107.6147,21.0922],[107.5883,21.0756],[107.5821,21.0422],[107.5637,20.9996],[107.5818,20.9996]]],[[[107.4062,21.2305],[107.3832,21.239],[107.3677,21.1996],[107.3883,21.1947],[107.3882,21.2151],[107.4062,21.2305]]],[[[107.6342,21.2577],[107.6016,21.2416],[107.6077,21.2341],[107.6342,21.2577]]],[[[107.54,21.1991],[107.5248,21.2242],[107.4732,21.2711],[107.4544,21.2745],[107.4498,21.2328],[107.4603,21.2173],[107.4689,21.1816],[107.4533,21.1869],[107.4486,21.1727],[107.4332,21.1738],[107.4183,21.1651],[107.4378,21.154],[107.422,21.1431],[107.413,21.1251],[107.381,21.084],[107.3661,21.076],[107.3933,21.0394],[107.4258,21.0697],[107.441,21.0724],[107.4839,21.1043],[107.4864,21.1101],[107.5569,21.1571],[107.5913,21.1901],[107.603,21.2052],[107.5948,21.2192],[107.5796,21.207],[107.54,21.1991]]],[[[107.6972,21.2946],[107.682,21.296],[107.6389,21.2707],[107.6513,21.2668],[107.6972,21.2946]]],[[[107.8106,21.3467],[107.7932,21.3516],[107.7667,21.3349],[107.7259,21.3154],[107.7327,21.304],[107.771,21.3245],[107.7948,21.3337],[107.8106,21.3467]]],[[[107.9948,21.3987],[107.9695,21.3983],[107.8989,21.3823],[107.8596,21.3794],[107.8593,21.3696],[107.8816,21.359],[107.9178,21.3626],[107.9432,21.3572],[107.9642,21.3786],[107.9948,21.3987]]],[[[106.8686,20.8334],[106.8626,20.8567],[106.871,20.8927],[106.8889,20.9142],[106.9192,20.9109],[106.931,20.9221],[106.9241,20.9376],[106.9042,20.9533],[106.887,20.9556],[106.8782,20.9774],[106.9133,20.9697],[106.9242,20.9588],[106.925,20.9439],[106.9422,20.9359],[106.9568,20.952],[106.9851,20.957],[107.0049,20.9543],[107.0346,20.9418],[107.053,20.949],[107.0942,20.9492],[107.1117,20.939],[107.1519,20.9399],[107.1938,20.9352],[107.201,20.963],[107.2258,20.9807],[107.2424,20.9848],[107.2493,20.9987],[107.3348,20.9913],[107.3539,21.0016],[107.3703,21.0273],[107.3626,21.0385],[107.3672,21.055],[107.3616,21.0787],[107.3745,21.0854],[107.3672,21.1016],[107.3809,21.1102],[107.3866,21.1285],[107.38,21.1486],[107.3829,21.1762],[107.3666,21.1773],[107.3637,21.1941],[107.367,21.228],[107.3647,21.2624],[107.3952,21.2782],[107.4264,21.2893],[107.4497,21.3157],[107.5058,21.3004],[107.5304,21.3363],[107.5383,21.3375],[107.5574,21.3096],[107.5686,21.3123],[107.589,21.3041],[107.6241,21.3356],[107.6389,21.3635],[107.6355,21.3784],[107.6708,21.3822],[107.6604,21.3975],[107.7008,21.4112],[107.728,21.4094],[107.7443,21.4001],[107.7563,21.4252],[107.7611,21.4482],[107.78,21.4607],[107.7972,21.4853],[107.7733,21.5071],[107.7764,21.5236],[107.81,21.5121],[107.8143,21.5207],[107.843,21.506],[107.859,21.5203],[107.8783,21.5075],[107.8948,21.5293],[107.9151,21.5206],[107.9225,21.5026],[107.946,21.4988],[107.9244,21.4723],[107.9505,21.4491],[107.9567,21.474],[107.9703,21.4828],[107.9864,21.4674],[107.9679,21.45],[107.9769,21.4396],[107.9993,21.4663],[108.0236,21.4797],[108.0617,21.4858],[108.0361,21.5019],[108.0471,21.5276],[108.0352,21.5467],[108.0038,21.5496],[107.9643,21.5363],[107.9518,21.5399],[107.9403,21.5716],[107.9202,21.5903],[107.8969,21.5903],[107.8753,21.6415],[107.8559,21.6553],[107.8319,21.645],[107.8072,21.6591],[107.7827,21.6572],[107.7783,21.65],[107.7392,21.6398],[107.7131,21.6225],[107.6733,21.6105],[107.6107,21.6091],[107.5915,21.6054],[107.5801,21.6178],[107.5575,21.6137],[107.5418,21.5916],[107.5229,21.5913],[107.4858,21.6007],[107.4953,21.6144],[107.483,21.6296],[107.4791,21.6596],[107.463,21.6648],[107.4286,21.6504],[107.4147,21.6402],[107.4055,21.6233],[107.3807,21.5971],[107.3606,21.6017],[107.3295,21.5898],[107.3054,21.597],[107.2934,21.5943],[107.279,21.5664],[107.2566,21.5642],[107.2423,21.5496],[107.2309,21.555],[107.2039,21.5444],[107.2213,21.5206],[107.231,21.5211],[107.2441,21.4811],[107.2377,21.4598],[107.2468,21.426],[107.2618,21.4023],[107.2508,21.3684],[107.2392,21.366],[107.2137,21.3896],[107.1839,21.3762],[107.1695,21.3651],[107.0955,21.3749],[107.0933,21.3599],[107.0766,21.3479],[107.0582,21.3468],[107.0488,21.3314],[107.0299,21.3243],[107.0182,21.3015],[106.9844,21.2935],[106.9729,21.2866],[106.9831,21.259],[106.9749,21.2281],[106.9553,21.2077],[106.9538,21.1928],[106.9395,21.1732],[106.9162,21.1838],[106.8814,21.1845],[106.8602,21.1771],[106.8558,21.1882],[106.8249,21.1897],[106.8248,21.155],[106.7887,21.1506],[106.7653,21.1566],[106.723,21.1604],[106.6933,21.1707],[106.6818,21.1683],[106.6429,21.1769],[106.6091,21.1723],[106.5891,21.1795],[106.5793,21.1923],[106.541,21.1937],[106.5279,21.2217],[106.4995,21.2264],[106.4945,21.1871],[106.4782,21.1469],[106.4826,21.131],[106.4676,21.1189],[106.443,21.119],[106.4373,21.1078],[106.4488,21.0965],[106.4387,21.0804],[106.4574,21.0662],[106.4857,21.0691],[106.5018,21.058],[106.5119,21.061],[106.5362,21.0528],[106.5745,21.0577],[106.6069,21.0317],[106.6221,21.0129],[106.6515,21.0199],[106.697,21.002],[106.7376,20.9986],[106.7585,20.9885],[106.7671,20.9686],[106.7689,20.9163],[106.7513,20.8852],[106.7598,20.8541],[106.7903,20.8347],[106.8215,20.8303],[106.8345,20.8137],[106.8412,20.8183],[106.8536,20.8353],[106.8686,20.8334]]]]},"properties":{"code":"22","name":"Quảng Ninh","nameEn":"Quang Ninh"}},
{"type":"Feature","geometry":{"type":"Polygon","coordinates":[[[106.1262,20.9841],[106.1376,21.0012],[106.1752,20.9769],[106.2418,20.9997],[106.2637,20.9899],[106.2747,21.0071],[106.2927,21.0215],[106.2922,21.0408],[106.3075,21.0584],[106.2934,21.1072],[106.2974,21.1224],[106.3122,21.132],[106.3211,21.1509],[106.3072,21.1831],[106.3312,21.1761],[106.3612,21.1744],[106.3731,21.1954],[106.4105,21.2122],[106.4223,21.2318],[106.4525,21.2331],[106.4626,21.2281],[106.4846,21.2341],[106.4995,21.2264],[106.5279,21.2217],[106.541,21.1937],[106.5793,21.1923],[106.5891,21.1795],[106.6091,21.1723],[106.6429,21.1769],[106.6818,21.1683],[106.6933,21.1707],[106.723,21.1604],[106.7653,21.1566],[106.7887,21.1506],[106.8248,21.155],[106.8249,21.1897],[106.8558,21.1882],[106.8602,21.1771],[106.8814,21.1845],[106.9162,21.1838],[106.9395,21.1732],[106.9538,21.1928],[106.9553,21.2077],[106.9749,21.2281],[106.9831,21.259],[106.9729,21.2866],[106.9844,21.2935],[107.0182,21.3015],[107.0299,21.3243],[107.0156,21.343],[106.9875,21.3596],[106.9903,21.3823],[106.9841,21.4018],[107.0003,21.4257],[106.9824,21.4408],[106.9552,21.4251],[106.9443,21.4343],[106.9085,21.4325],[106.8905,21.4603],[106.8992,21.4683],[106.8847,21.4933],[106.8722,21.4977],[106.8404,21.4972],[106.8385,21.514],[106.8582,21.5237],[106.8421,21.5592],[106.8176,21.564],[106.8002,21.5618],[106.7821,21.5773],[106.7545,21.5679],[106.7541,21.5426],[106.7363,21.5445],[106.6982,21.5728],[106.7004,21.5937],[106.67,21.6075],[106.6273,21.6029],[106.6129,21.6083],[106.5941,21.6005],[106.5691,21.6024],[106.5261,21.5605],[106.5202,21.5367],[106.5066,21.5264],[106.5168,21.5036],[106.5133,21.492],[106.4925,21.483],[106.4808,21.4507],[106.4632,21.4377],[106.417,21.4384],[106.4037,21.4295],[106.4139,21.4099],[106.3943,21.4062],[106.3755,21.3953],[106.3355,21.4013],[106.3223,21.415],[106.3295,21.4405],[106.3076,21.4526],[106.2998,21.4431],[106.2823,21.4526],[106.2851,21.491],[106.2731,21.4945],[106.2394,21.488],[106.2334,21.4957],[106.2072,21.4984],[106.169,21.5122],[106.1655,21.5421],[106.1686,21.5976],[106.1842,21.6061],[106.16,21.6258],[106.1161,21.6176],[106.0974,21.6253],[106.0843,21.6218],[106.0556,21.6022],[106.0464,21.582],[106.0286,21.563],[106.0544,21.5528],[106.0416,21.5189],[106.0393,21.4752],[106.0496,21.4559],[106.0405,21.4404],[106.0245,21.4346],[106.0331,21.4105],[106.0256,21.3987],[105.9945,21.4072],[105.9553,21.432],[105.9544,21.4081],[105.9416,21.395],[105.9389,21.3748],[105.9083,21.3756],[105.89,21.3273],[105.897,21.3069],[105.9238,21.2936],[105.9213,21.2708],[105.9369,21.247],[105.9055,21.2323],[105.9134,21.2175],[105.905,21.1939],[105.9224,21.1835],[105.9153,21.1687],[105.9242,21.1451],[105.9106,21.1287],[105.9283,21.113],[105.9381,21.0868],[105.9579,21.0912],[105.9676,21.0729],[105.9914,21.0701],[106.0171,21.049],[106.0162,21.0379],[106.0016,21.0194],[105.9984,21.0023],[106.0293,20.9952],[106.0534,21.007],[106.078,20.9968],[106.0878,21.0078],[106.1135,20.9963],[106.1262,20.9841]]]},"properties":{"code":"24","name":"Bắc Ninh","nameEn":"Bac Ninh"}},
{"type":"Feature","geometry":{"type":"Polygon","coordinates":[[[105.5409,21.576],[105.5204,21.5386],[105.483,21.5206],[105.4564,21.5192],[105.4482,21.5109],[105.4219,21.5027],[105.4072,21.5135],[105.3918,21.5126],[105.3692,21.5258],[105.3433,21.5185],[105.3351,21.5054],[105.3194,21.5135],[105.2991,21.5104],[105.2949,21.5357],[105.2688,21.544],[105.2705,21.5643],[105.2481,21.5837],[105.243,21.5981],[105.2489,21.6117],[105.2295,21.6206],[105.2228,21.6313],[105.2339,21.6438],[105.2329,21.6598],[105.2023,21.6641],[105.1707,21.6886],[105.1525,21.6872],[105.1475,21.6997],[105.1099,21.7072],[105.0848,21.7182],[105.0949,21.699],[105.0922,21.6806],[105.0512,21.6896],[105.029,21.7002],[105.0184,21.6892],[104.9785,21.675],[104.9814,21.6619],[104.9653,21.6497],[104.953,21.6621],[104.9332,21.6441],[104.9115,21.6378],[104.9024,21.6279],[104.9049,21.6105],[104.8894,21.6064],[104.9004,21.5698],[104.8662,21.5466],[104.8819,21.5261],[104.8837,21.4996],[104.9109,21.4391],[104.9059,21.4177],[104.8816,21.3762],[104.8976,21.3574],[104.8915,21.3441],[104.8719,21.3489],[104.8536,21.3655],[104.8475,21.3412],[104.8121,21.3353],[104.8146,21.3267],[104.8395,21.3111],[104.8397,21.2667],[104.8537,21.2368],[104.8428,21.2267],[104.8621,21.2106],[104.8499,21.1836],[104.8572,21.1741],[104.8518,21.1525],[104.8934,21.1306],[104.9106,21.1129],[104.8743,21.0987],[104.8659,21.0772],[104.8508,21.0734],[104.8648,21.033],[104.8886,21.0098],[104.8991,20.982],[104.9222,20.9624],[104.9333,20.9417],[104.9575,20.918],[104.9725,20.9093],[104.9775,20.8927],[104.9962,20.8706],[105.0044,20.8417],[105,20.8152],[105.0218,20.8027],[104.9922,20.7613],[105.0151,20.7324],[105,20.7239],[104.9818,20.7249],[104.9363,20.7472],[104.9161,20.7442],[104.8851,20.761],[104.8654,20.7635],[104.8355,20.7473],[104.8437,20.7314],[104.8351,20.7005],[104.8389,20.6793],[104.835,20.661],[104.8445,20.6518],[104.8501,20.6616],[104.8983,20.6697],[104.9469,20.6407],[104.9587,20.6266],[104.9588,20.5804],[104.9825,20.5726],[105.0005,20.5744],[105.0166,20.564],[105.0458,20.5596],[105.0585,20.5731],[105.0781,20.578],[105.1314,20.5549],[105.1536,20.5427],[105.1678,20.5178],[105.2016,20.5198],[105.2429,20.4903],[105.2408,20.476],[105.2605,20.465],[105.2631,20.4481],[105.2565,20.4352],[105.3037,20.4176],[105.3408,20.3956],[105.3613,20.3914],[105.3937,20.3767],[105.409,20.3766],[105.4277,20.3876],[105.4766,20.3757],[105.501,20.3615],[105.5165,20.3612],[105.5285,20.3717],[105.5417,20.3643],[105.5648,20.3599],[105.5793,20.3693],[105.5985,20.3641],[105.6148,20.3499],[105.6404,20.3381],[105.6662,20.3117],[105.688,20.3082],[105.7017,20.3259],[105.7265,20.3358],[105.6929,20.3917],[105.6948,20.4126],[105.7273,20.4],[105.7288,20.3873],[105.7575,20.3829],[105.7513,20.3971],[105.7557,20.4158],[105.754,20.4425],[105.7819,20.4399],[105.7903,20.4551],[105.8068,20.4295],[105.8275,20.4197],[105.8536,20.4301],[105.8512,20.4764],[105.8233,20.4898],[105.792,20.5177],[105.7677,20.5648],[105.7596,20.5814],[105.7297,20.6029],[105.705,20.6011],[105.692,20.622],[105.6656,20.6182],[105.6842,20.6394],[105.679,20.6634],[105.6674,20.6785],[105.6798,20.6966],[105.6595,20.7262],[105.6652,20.736],[105.6487,20.7594],[105.6468,20.7937],[105.6301,20.7959],[105.6309,20.8369],[105.6148,20.8322],[105.5973,20.8421],[105.5807,20.8128],[105.5735,20.8236],[105.585,20.8477],[105.5824,20.8589],[105.5553,20.8826],[105.5579,20.9096],[105.5801,20.9202],[105.5757,20.9307],[105.5347,20.9266],[105.5178,20.9216],[105.4874,20.9366],[105.4772,20.948],[105.4554,20.9505],[105.4196,20.9866],[105.4173,20.9977],[105.3972,21.0014],[105.3833,21.0238],[105.3535,21.0096],[105.3448,21.0156],[105.3168,21.0135],[105.2988,21.0296],[105.2924,21.0502],[105.2985,21.0697],[105.3173,21.1042],[105.3157,21.1196],[105.287,21.1624],[105.2988,21.1909],[105.3273,21.208],[105.35,21.2379],[105.354,21.2724],[105.3604,21.2839],[105.3879,21.3045],[105.4116,21.2987],[105.4414,21.2731],[105.4489,21.2426],[105.4597,21.2267],[105.4679,21.1794],[105.4946,21.1595],[105.5197,21.1554],[105.5673,21.1616],[105.5761,21.166],[105.6218,21.1732],[105.6191,21.2019],[105.6267,21.2121],[105.6571,21.222],[105.6645,21.2402],[105.6874,21.2218],[105.7226,21.2259],[105.726,21.244],[105.7229,21.2683],[105.7358,21.2894],[105.7574,21.3034],[105.7764,21.3398],[105.7829,21.3616],[105.7591,21.3795],[105.7634,21.3953],[105.747,21.4166],[105.7299,21.4117],[105.7236,21.4307],[105.6855,21.4436],[105.6705,21.4599],[105.6573,21.4604],[105.6352,21.4761],[105.6283,21.4909],[105.5973,21.5293],[105.5619,21.5614],[105.5409,21.576]]]},"properties":{"code":"25","name":"Phú Thọ","nameEn":"Phu Tho"}},
{"type":"Feature","geometry":{"type":"MultiPolygon","coordinates":[[[[106.8966,20.8069],[106.8796,20.8176],[106.8468,20.8133],[106.8468,20.7971],[106.8561,20.7874],[106.8739,20.7874],[106.8941,20.7981],[106.8966,20.8069]]],[[[106.8686,20.8334],[106.8536,20.8353],[106.8412,20.8183],[106.8759,20.8208],[106.8686,20.8334]]],[[[106.9607,20.8556],[106.9417,20.846],[106.9182,20.8458],[106.9068,20.8272],[106.9165,20.7998],[106.9512,20.7938],[106.9665,20.7762],[106.9671,20.7569],[106.9861,20.7389],[107.0026,20.7501],[107.02,20.7241],[107.0376,20.7299],[107.0576,20.7209],[107.0572,20.7484],[107.0431,20.762],[107.0635,20.7699],[107.0748,20.7815],[107.0897,20.7774],[107.1067,20.7874],[107.1019,20.8072],[107.0752,20.8249],[107.0675,20.8188],[107.0436,20.8387],[107.0351,20.8615],[106.9941,20.8622],[106.9607,20.8556]]],[[[106.8345,20.8137],[106.8215,20.8303],[106.7903,20.8347],[106.7598,20.8541],[106.7513,20.8852],[106.7689,20.9163],[106.7671,20.9686],[106.7585,20.9885],[106.7376,20.9986],[106.697,21.002],[106.6515,21.0199],[106.6221,21.0129],[106.6069,21.0317],[106.5745,21.0577],[106.5362,21.0528],[106.5119,21.061],[106.5018,21.058],[106.4857,21.0691],[106.4574,21.0662],[106.4387,21.0804],[106.4488,21.0965],[106.4373,21.1078],[106.443,21.119],[106.4676,21.1189],[106.4826,21.131],[106.4782,21.1469],[106.4945,21.1871],[106.4995,21.2264],[106.4846,21.2341],[106.4626,21.2281],[106.4525,21.2331],[106.4223,21.2318],[106.4105,21.2122],[106.3731,21.1954],[106.3612,21.1744],[106.3312,21.1761],[106.3072,21.1831],[106.3211,21.1509],[106.3122,21.132],[106.2974,21.1224],[106.2934,21.1072],[106.3075,21.0584],[106.2922,21.0408],[106.2927,21.0215],[106.2747,21.0071],[106.2637,20.9899],[106.2418,20.9997],[106.1752,20.9769],[106.1376,21.0012],[106.1262,20.9841],[106.1363,20.9763],[106.1351,20.9611],[106.1511,20.9458],[106.1465,20.9153],[106.1348,20.9041],[106.1454,20.8891],[106.1399,20.859],[106.1272,20.8318],[106.137,20.8227],[106.1389,20.8008],[106.1467,20.7857],[106.1634,20.7856],[106.1782,20.7649],[106.2146,20.7488],[106.2161,20.7264],[106.2267,20.7058],[106.2432,20.6966],[106.2646,20.7047],[106.2721,20.6947],[106.3009,20.6912],[106.3304,20.7111],[106.356,20.702],[106.3863,20.7175],[106.3999,20.7293],[106.4189,20.7146],[106.401,20.6945],[106.4528,20.6409],[106.4497,20.6201],[106.4812,20.6012],[106.4928,20.6171],[106.508,20.6152],[106.5274,20.6035],[106.5451,20.6278],[106.568,20.6208],[106.5998,20.6405],[106.612,20.627],[106.6357,20.6274],[106.6498,20.6182],[106.6781,20.6181],[106.6944,20.6329],[106.7086,20.6609],[106.695,20.685],[106.729,20.6793],[106.7458,20.6968],[106.7791,20.6919],[106.7986,20.7232],[106.7873,20.7275],[106.7706,20.7701],[106.7615,20.7828],[106.7782,20.7949],[106.8136,20.7969],[106.8146,20.806],[106.8345,20.8137]]]]},"properties":{"code":"31","name":"Hải Phòng","nameEn":"Haiphong"}},
{"type":"Feature","geometry":{"type":"Polygon","coordinates":[[[106.1262,20.9841],[106.1135,20.9963],[106.0878,21.0078],[106.078,20.9968],[106.0534,21.007],[106.0293,20.9952],[105.9984,21.0023],[105.9603,20.9904],[105.9545,20.9691],[105.9121,20.9747],[105.9031,20.9546],[105.9106,20.9383],[105.9092,20.9148],[105.8935,20.902],[105.8978,20.8911],[105.9201,20.8807],[105.9342,20.863],[105.9294,20.8512],[105.9131,20.8414],[105.9094,20.8242],[105.9196,20.7938],[105.9288,20.7859],[105.966,20.7741],[105.9623,20.7262],[105.9719,20.7006],[105.9995,20.7046],[106.021,20.6964],[106.0345,20.6793],[106.0302,20.6433],[106.0435,20.6213],[106.0587,20.6078],[106.0785,20.6055],[106.0915,20.6162],[106.1169,20.6132],[106.1341,20.5728],[106.1598,20.5632],[106.1715,20.5481],[106.1779,20.5156],[106.1766,20.498],[106.1895,20.4805],[106.2161,20.4768],[106.2242,20.4625],[106.208,20.4248],[106.2162,20.4136],[106.2371,20.4064],[106.2762,20.4042],[106.2837,20.3829],[106.2545,20.3595],[106.2526,20.336],[106.2683,20.3277],[106.2884,20.3373],[106.3338,20.3773],[106.341,20.3761],[106.3572,20.3515],[106.387,20.3447],[106.4019,20.3362],[106.4261,20.3041],[106.4393,20.2946],[106.4619,20.2897],[106.48,20.2941],[106.4936,20.3076],[106.529,20.3152],[106.5799,20.262],[106.5871,20.2443],[106.5959,20.2524],[106.6068,20.2888],[106.6028,20.3087],[106.5873,20.3517],[106.5754,20.3687],[106.5871,20.4068],[106.6031,20.4148],[106.6172,20.4419],[106.6003,20.4515],[106.6009,20.4947],[106.5854,20.5216],[106.5833,20.5516],[106.6094,20.5814],[106.6502,20.6011],[106.6498,20.6182],[106.6357,20.6274],[106.612,20.627],[106.5998,20.6405],[106.568,20.6208],[106.5451,20.6278],[106.5274,20.6035],[106.508,20.6152],[106.4928,20.6171],[106.4812,20.6012],[106.4497,20.6201],[106.4528,20.6409],[106.401,20.6945],[106.4189,20.7146],[106.3999,20.7293],[106.3863,20.7175],[106.356,20.702],[106.3304,20.7111],[106.3009,20.6912],[106.2721,20.6947],[106.2646,20.7047],[106.2432,20.6966],[106.2267,20.7058],[106.2161,20.7264],[106.2146,20.7488],[106.1782,20.7649],[106.1634,20.7856],[106.1467,20.7857],[106.1389,20.8008],[106.137,20.8227],[106.1272,20.8318],[106.1399,20.859],[106.1454,20.8891],[106.1348,20.9041],[106.1465,20.9153],[106.1511,20.9458],[106.1351,20.9611],[106.1363,20.9763],[106.1262,20.9841]]]},"properties":{"code":"33","name":"Hưng Yên","nameEn":"Hung Yen"}},
{"type":"Feature","geometry":{"type":"Polygon","coordinates":[[[105.7677,20.5648],[105.792,20.5177],[105.8233,20.4898],[105.8512,20.4764],[105.8536,20.4301],[105.8275,20.4197],[105.8068,20.4295],[105.7903,20.4551],[105.7819,20.4399],[105.754,20.4425],[105.7557,20.4158],[105.7513,20.3971],[105.7575,20.3829],[105.7288,20.3873],[105.7273,20.4],[105.6948,20.4126],[105.6929,20.3917],[105.7265,20.3358],[105.7017,20.3259],[105.688,20.3082],[105.6662,20.3117],[105.6404,20.3381],[105.6148,20.3499],[105.5985,20.3641],[105.5793,20.3693],[105.5648,20.3599],[105.5417,20.3643],[105.5477,20.3329],[105.5623,20.3178],[105.5982,20.3123],[105.6182,20.2834],[105.6474,20.2753],[105.6674,20.258],[105.6914,20.2226],[105.7132,20.2108],[105.7416,20.1861],[105.7921,20.1693],[105.8479,20.141],[105.8696,20.1245],[105.8925,20.1207],[105.9203,20.1038],[105.928,20.0913],[105.954,20.0703],[105.9909,20.0698],[106.0184,20.0603],[106.0605,20.0663],[106.0738,20.0588],[106.0596,20.0194],[106.051,20.0055],[106.0316,20.0006],[106.0239,19.9905],[106.0233,19.9658],[106.0494,19.9497],[106.059,19.9238],[106.1383,19.9444],[106.1651,19.9595],[106.1869,19.9962],[106.2005,20.0061],[106.2412,20.0532],[106.3257,20.1458],[106.3531,20.1727],[106.3864,20.1984],[106.4093,20.2073],[106.4485,20.2154],[106.4901,20.2197],[106.5074,20.2255],[106.5415,20.2248],[106.5438,20.2026],[106.5638,20.2067],[106.5797,20.2173],[106.5871,20.2443],[106.5799,20.262],[106.529,20.3152],[106.4936,20.3076],[106.48,20.2941],[106.4619,20.2897],[106.4393,20.2946],[106.4261,20.3041],[106.4019,20.3362],[106.387,20.3447],[106.3572,20.3515],[106.341,20.3761],[106.3338,20.3773],[106.2884,20.3373],[106.2683,20.3277],[106.2526,20.336],[106.2545,20.3595],[106.2837,20.3829],[106.2762,20.4042],[106.2371,20.4064],[106.2162,20.4136],[106.208,20.4248],[106.2242,20.4625],[106.2161,20.4768],[106.1895,20.4805],[106.1766,20.498],[106.1779,20.5156],[106.1715,20.5481],[106.1598,20.5632],[106.1341,20.5728],[106.1169,20.6132],[106.0915,20.6162],[106.0785,20.6055],[106.0587,20.6078],[106.0435,20.6213],[106.0302,20.6433],[106.0345,20.6793],[106.021,20.6964],[105.9995,20.7046],[105.9951,20.692],[105.9736,20.6708],[105.9448,20.655],[105.942,20.6826],[105.9016,20.6674],[105.8946,20.6535],[105.8748,20.6441],[105.8522,20.6478],[105.8255,20.6657],[105.8285,20.6447],[105.811,20.6333],[105.8086,20.6059],[105.7954,20.5741],[105.7677,20.5648]]]},"properties":{"code":"37","name":"Ninh Bình","nameEn":"Ninh Binh"}},
{"type":"Feature","geometry":{"type":"MultiPolygon","coordinates":[[[[105.931,19.3833],[105.9125,19.3691],[105.9261,19.3599],[105.931,19.3833]]],[[[105.5417,20.3643],[105.5285,20.3717],[105.5165,20.3612],[105.501,20.3615],[105.4766,20.3757],[105.4277,20.3876],[105.409,20.3766],[105.3937,20.3767],[105.3613,20.3914],[105.3408,20.3956],[105.3037,20.4176],[105.2565,20.4352],[105.2631,20.4481],[105.2605,20.465],[105.2408,20.476],[105.2429,20.4903],[105.2016,20.5198],[105.1678,20.5178],[105.1536,20.5427],[105.1314,20.5549],[105.0781,20.578],[105.0585,20.5731],[105.0458,20.5596],[105.0166,20.564],[105.0005,20.5744],[104.9825,20.5726],[104.9588,20.5804],[104.9587,20.6266],[104.9469,20.6407],[104.8983,20.6697],[104.8501,20.6616],[104.8445,20.6518],[104.8184,20.6394],[104.7971,20.6203],[104.7989,20.5895],[104.7744,20.578],[104.7632,20.5825],[104.7375,20.5756],[104.7138,20.6055],[104.6816,20.5988],[104.682,20.6129],[104.6614,20.6253],[104.6344,20.6544],[104.6255,20.6302],[104.6029,20.61],[104.5565,20.6075],[104.5401,20.5996],[104.5242,20.572],[104.525,20.555],[104.4945,20.5439],[104.4758,20.5208],[104.4402,20.5096],[104.4146,20.4917],[104.3864,20.4899],[104.3738,20.4672],[104.3856,20.4427],[104.413,20.4273],[104.4054,20.4141],[104.4039,20.3905],[104.4197,20.3789],[104.448,20.3784],[104.477,20.3725],[104.4958,20.3849],[104.5216,20.3931],[104.529,20.4139],[104.5464,20.4097],[104.5626,20.4161],[104.5842,20.416],[104.6112,20.4259],[104.6124,20.4449],[104.6222,20.4586],[104.6425,20.4713],[104.6682,20.4698],[104.6651,20.4517],[104.6778,20.4454],[104.707,20.4127],[104.709,20.3997],[104.6838,20.4029],[104.6616,20.3872],[104.623,20.3667],[104.6142,20.3581],[104.6175,20.3396],[104.6134,20.3049],[104.6163,20.2936],[104.608,20.2732],[104.6118,20.2452],[104.6301,20.2297],[104.6438,20.2356],[104.662,20.2329],[104.6686,20.2211],[104.7189,20.2039],[104.7718,20.199],[104.8163,20.1717],[104.8278,20.1592],[104.8536,20.146],[104.8956,20.1486],[104.9214,20.16],[104.9245,20.137],[104.9593,20.1118],[104.9648,20.1014],[104.9878,20.0957],[104.9737,20.0779],[104.9694,20.0628],[104.9393,20.0431],[104.9194,20.0204],[104.9187,19.9973],[104.9261,19.9905],[104.9593,19.9937],[104.9745,19.9776],[105.0504,19.9342],[105.0922,19.9384],[105.1107,19.9348],[105.1327,19.9228],[105.1574,19.9227],[105.1703,19.9158],[105.1843,19.8615],[105.1475,19.8524],[105.1286,19.8252],[105.1269,19.8045],[105.1331,19.7701],[105.1339,19.7414],[105.1591,19.7176],[105.1627,19.6877],[105.1938,19.6728],[105.2224,19.6504],[105.2465,19.6565],[105.2685,19.6133],[105.2784,19.605],[105.2791,19.5654],[105.2708,19.5595],[105.2672,19.528],[105.2775,19.5059],[105.2749,19.4949],[105.2956,19.4861],[105.323,19.5106],[105.3324,19.5344],[105.3503,19.5393],[105.3679,19.519],[105.365,19.5001],[105.4022,19.4512],[105.427,19.4574],[105.4433,19.443],[105.4635,19.4571],[105.4779,19.4502],[105.5065,19.4648],[105.5319,19.4579],[105.5435,19.4332],[105.5782,19.3943],[105.5884,19.3715],[105.6099,19.3709],[105.6187,19.3832],[105.6365,19.368],[105.6409,19.3547],[105.666,19.3411],[105.683,19.3045],[105.7085,19.3047],[105.7378,19.322],[105.747,19.3041],[105.7616,19.2955],[105.7992,19.302],[105.8033,19.2888],[105.8216,19.3245],[105.8008,19.3388],[105.7902,19.3609],[105.7822,19.3999],[105.7946,19.4265],[105.8084,19.4364],[105.8048,19.4615],[105.8045,19.519],[105.8104,19.5808],[105.8175,19.5852],[105.8272,19.639],[105.8381,19.673],[105.8556,19.7099],[105.876,19.7296],[105.8959,19.7233],[105.9003,19.7374],[105.9314,19.7803],[105.9295,19.8178],[105.9324,19.8351],[105.9461,19.8691],[105.9636,19.8915],[105.947,19.8923],[105.9524,19.9215],[105.9666,19.9361],[106.0025,19.9574],[106.0233,19.9658],[106.0239,19.9905],[106.0316,20.0006],[106.051,20.0055],[106.0596,20.0194],[106.0738,20.0588],[106.0605,20.0663],[106.0184,20.0603],[105.9909,20.0698],[105.954,20.0703],[105.928,20.0913],[105.9203,20.1038],[105.8925,20.1207],[105.8696,20.1245],[105.8479,20.141],[105.7921,20.1693],[105.7416,20.1861],[105.7132,20.2108],[105.6914,20.2226],[105.6674,20.258],[105.6474,20.2753],[105.6182,20.2834],[105.5982,20.3123],[105.5623,20.3178],[105.5477,20.3329],[105.5417,20.3643]]]]},"properties":{"code":"38","name":"Thanh Hoá","nameEn":"Thanh Hoa"}},
{"type":"Feature","geometry":{"type":"Polygon","coordinates":[[[105.8033,19.2888],[105.7992,19.302],[105.7616,19.2955],[105.747,19.3041],[105.7378,19.322],[105.7085,19.3047],[105.683,19.3045],[105.666,19.3411],[105.6409,19.3547],[105.6365,19.368],[105.6187,19.3832],[105.6099,19.3709],[105.5884,19.3715],[105.5782,19.3943],[105.5435,19.4332],[105.5319,19.4579],[105.5065,19.4648],[105.4779,19.4502],[105.4635,19.4571],[105.4433,19.443],[105.427,19.4574],[105.4022,19.4512],[105.365,19.5001],[105.3679,19.519],[105.3503,19.5393],[105.3324,19.5344],[105.323,19.5106],[105.2956,19.4861],[105.2749,19.4949],[105.2775,19.5059],[105.2672,19.528],[105.2708,19.5595],[105.2791,19.5654],[105.2784,19.605],[105.2685,19.6133],[105.2465,19.6565],[105.2224,19.6504],[105.1938,19.6728],[105.1627,19.6877],[105.1591,19.7176],[105.1339,19.7414],[105.1331,19.7701],[105.1269,19.8045],[105.1286,19.8252],[105.1475,19.8524],[105.1843,19.8615],[105.1703,19.9158],[105.1574,19.9227],[105.1327,19.9228],[105.1107,19.9348],[105.0922,19.9384],[105.0504,19.9342],[104.9745,19.9776],[104.9593,19.9937],[104.9261,19.9905],[104.9187,19.9973],[104.9014,19.9672],[104.8877,19.9554],[104.8604,19.9447],[104.8411,19.9213],[104.8469,19.9109],[104.8405,19.8881],[104.8478,19.873],[104.8341,19.852],[104.847,19.842],[104.8335,19.8164],[104.8329,19.7947],[104.8152,19.7856],[104.7979,19.7909],[104.7754,19.7785],[104.7532,19.7512],[104.7184,19.7526],[104.6613,19.7009],[104.6691,19.6867],[104.6599,19.6633],[104.6453,19.653],[104.6503,19.6363],[104.6424,19.6238],[104.6073,19.6341],[104.5772,19.6274],[104.567,19.6147],[104.5465,19.6194],[104.5314,19.6128],[104.5071,19.6223],[104.4891,19.6548],[104.4568,19.651],[104.4428,19.6606],[104.4425,19.6735],[104.4249,19.6741],[104.4208,19.7022],[104.3529,19.6937],[104.3219,19.6707],[104.3187,19.6879],[104.3062,19.6969],[104.2685,19.6975],[104.2362,19.7082],[104.213,19.7049],[104.1974,19.6936],[104.1729,19.6901],[104.1594,19.6965],[104.1487,19.6667],[104.1161,19.6613],[104.0909,19.6664],[104.0725,19.6821],[104.0558,19.6531],[104.0673,19.6364],[104.062,19.615],[104.0856,19.5823],[104.1069,19.5687],[104.102,19.5245],[104.1215,19.5043],[104.1132,19.492],[104.0967,19.4935],[104.0838,19.4807],[104.0732,19.451],[104.0688,19.4183],[104.0498,19.426],[104.0211,19.4165],[104.0087,19.4029],[103.9928,19.4065],[103.9647,19.3916],[103.9512,19.3595],[103.8928,19.3317],[103.875,19.3206],[103.8853,19.301],[103.8981,19.3098],[103.9141,19.3033],[103.9222,19.2864],[103.9601,19.2521],[104.0081,19.2347],[104.0684,19.2478],[104.0921,19.2302],[104.1028,19.2161],[104.1144,19.2228],[104.1282,19.2052],[104.1798,19.1989],[104.1927,19.1815],[104.199,19.1622],[104.2226,19.1578],[104.2123,19.1213],[104.2484,19.1111],[104.2794,19.1209],[104.3003,19.1121],[104.3084,19.0902],[104.3534,19.0724],[104.3649,19.0746],[104.3968,19.059],[104.3996,19.0401],[104.4243,19.0163],[104.447,18.9865],[104.4733,18.9929],[104.4797,19.0044],[104.4961,19.003],[104.5114,18.9824],[104.5266,18.9854],[104.5398,18.9771],[104.5422,18.9599],[104.56,18.9404],[104.5759,18.9125],[104.6066,18.8947],[104.6263,18.8888],[104.6344,18.8709],[104.6526,18.8661],[104.6755,18.8384],[104.6969,18.8413],[104.7319,18.8169],[104.7377,18.8015],[104.7573,18.7971],[104.7828,18.803],[104.7933,18.7849],[104.8394,18.7864],[104.8552,18.7756],[104.8722,18.7868],[104.8916,18.7855],[104.9119,18.7917],[104.9364,18.7746],[104.9407,18.7395],[104.9661,18.7437],[104.9977,18.7382],[105.0369,18.7253],[105.0573,18.7248],[105.0511,18.7073],[105.0862,18.7083],[105.1036,18.7041],[105.114,18.7147],[105.1322,18.7153],[105.1392,18.6994],[105.1328,18.6884],[105.153,18.6775],[105.1668,18.6582],[105.1824,18.6569],[105.1918,18.6359],[105.1868,18.6034],[105.215,18.5981],[105.2289,18.5893],[105.2393,18.6045],[105.2744,18.6228],[105.2952,18.619],[105.306,18.6075],[105.3239,18.6031],[105.3639,18.582],[105.3942,18.5825],[105.4361,18.5923],[105.4453,18.6023],[105.4765,18.6153],[105.5027,18.6112],[105.5308,18.5636],[105.5455,18.5537],[105.5628,18.5614],[105.5813,18.5599],[105.5888,18.5737],[105.6135,18.5783],[105.6239,18.5691],[105.6641,18.5853],[105.6813,18.583],[105.6876,18.5971],[105.6906,18.6322],[105.7024,18.6363],[105.7125,18.6659],[105.7262,18.674],[105.7501,18.6684],[105.7669,18.6846],[105.7546,18.7062],[105.7408,18.7475],[105.7662,18.7678],[105.7492,18.7766],[105.728,18.7999],[105.714,18.8296],[105.7101,18.8497],[105.689,18.875],[105.6638,18.8826],[105.6589,18.8906],[105.6347,18.8993],[105.6205,18.947],[105.615,18.9843],[105.6192,19.0232],[105.6351,19.0614],[105.6571,19.0907],[105.6719,19.099],[105.6929,19.0879],[105.7245,19.1039],[105.7308,19.2004],[105.7373,19.2226],[105.7686,19.2349],[105.7809,19.2753],[105.7915,19.2731],[105.8033,19.2888]]]},"properties":{"code":"40","name":"Nghệ An","nameEn":"Nghe An"}},
{"type":"Feature","geometry":{"type":"Polygon","coordinates":[[[106.5083,17.9609],[106.4927,17.9657],[106.4495,18.028],[106.4571,18.0316],[106.4508,18.0563],[106.4378,18.0496],[106.4189,18.0911],[106.4213,18.1072],[106.3969,18.0994],[106.3548,18.1118],[106.2938,18.1662],[106.2474,18.2166],[106.2338,18.2166],[106.1748,18.2595],[106.1625,18.266],[106.1227,18.2668],[106.0987,18.2757],[106.0468,18.3209],[105.9837,18.3928],[105.9514,18.4381],[105.938,18.4618],[105.926,18.4516],[105.8922,18.4915],[105.8546,18.5455],[105.8248,18.5979],[105.8088,18.6343],[105.7946,18.6779],[105.7865,18.7191],[105.7749,18.76],[105.7662,18.7678],[105.7408,18.7475],[105.7546,18.7062],[105.7669,18.6846],[105.7501,18.6684],[105.7262,18.674],[105.7125,18.6659],[105.7024,18.6363],[105.6906,18.6322],[105.6876,18.5971],[105.6813,18.583],[105.6641,18.5853],[105.6239,18.5691],[105.6135,18.5783],[105.5888,18.5737],[105.5813,18.5599],[105.5628,18.5614],[105.5455,18.5537],[105.5308,18.5636],[105.5027,18.6112],[105.4765,18.6153],[105.4453,18.6023],[105.4361,18.5923],[105.3942,18.5825],[105.3639,18.582],[105.3239,18.6031],[105.306,18.6075],[105.2952,18.619],[105.2744,18.6228],[105.2393,18.6045],[105.2289,18.5893],[105.215,18.5981],[105.1868,18.6034],[105.1576,18.6143],[105.1333,18.593],[105.1378,18.5625],[105.1142,18.5398],[105.1178,18.5245],[105.1022,18.4475],[105.1189,18.4219],[105.1453,18.4041],[105.1509,18.3891],[105.1785,18.3905],[105.1781,18.3742],[105.1878,18.3467],[105.1825,18.3259],[105.206,18.3157],[105.2155,18.3048],[105.2412,18.2972],[105.2547,18.2737],[105.2546,18.2599],[105.284,18.2609],[105.2961,18.2528],[105.3087,18.2673],[105.3279,18.2633],[105.3181,18.2015],[105.3353,18.1833],[105.3493,18.1852],[105.3617,18.1655],[105.4105,18.1578],[105.4176,18.1832],[105.437,18.182],[105.4424,18.2055],[105.4597,18.2053],[105.5,18.1888],[105.5108,18.1501],[105.5019,18.1302],[105.5227,18.1251],[105.5378,18.1058],[105.5378,18.0842],[105.5696,18.0823],[105.5834,18.0399],[105.5804,18.017],[105.5975,18.0061],[105.6136,18.0119],[105.6311,17.9929],[105.6418,17.9936],[105.7046,17.9939],[105.7193,18.0072],[105.7182,18.0205],[105.7299,18.0356],[105.7766,18.0183],[105.786,18.0257],[105.8084,18.0273],[105.8112,18.054],[105.8256,18.0645],[105.8708,18.0685],[105.8925,18.0905],[105.9166,18.0814],[105.9299,18.0901],[105.9498,18.0588],[105.966,18.0567],[105.9854,18.0636],[106.0251,18.0252],[106.046,18.0253],[106.0757,17.9896],[106.0488,17.9691],[106.0437,17.9477],[106.0777,17.9347],[106.1402,17.9206],[106.1728,17.9166],[106.1878,17.9237],[106.2424,17.9279],[106.26,17.9144],[106.2827,17.9224],[106.2793,17.9324],[106.3059,17.9635],[106.3219,17.964],[106.337,17.9923],[106.3824,17.9856],[106.4419,17.9697],[106.4426,17.9532],[106.4791,17.9549],[106.5083,17.9609]]]},"properties":{"code":"42","name":"Hà Tĩnh","nameEn":"Ha Tinh"}},
{"type":"Feature","geometry":{"type":"Polygon","coordinates":[[[107.386,16.7439],[107.3431,16.7736],[107.2924,16.814],[107.2198,16.8779],[107.199,16.9028],[107.1675,16.9308],[107.1443,16.9583],[107.1111,17.0111],[107.1076,17.0338],[107.1127,17.0802],[107.1052,17.0918],[107.0453,17.1259],[106.9243,17.2122],[106.8696,17.2545],[106.8298,17.2826],[106.7561,17.3421],[106.7464,17.3545],[106.7031,17.3952],[106.6558,17.4486],[106.626,17.4861],[106.6249,17.4943],[106.5865,17.5464],[106.5617,17.586],[106.5446,17.6203],[106.525,17.6417],[106.4975,17.6878],[106.4932,17.7029],[106.4681,17.7463],[106.4478,17.8045],[106.443,17.8506],[106.4502,17.8794],[106.4596,17.8845],[106.4808,17.922],[106.5,17.9251],[106.5094,17.9397],[106.5083,17.9609],[106.4791,17.9549],[106.4426,17.9532],[106.4419,17.9697],[106.3824,17.9856],[106.337,17.9923],[106.3219,17.964],[106.3059,17.9635],[106.2793,17.9324],[106.2827,17.9224],[106.26,17.9144],[106.2424,17.9279],[106.1878,17.9237],[106.1728,17.9166],[106.1402,17.9206],[106.0777,17.9347],[106.0437,17.9477],[106.0488,17.9691],[106.0757,17.9896],[106.046,18.0253],[106.0251,18.0252],[105.9854,18.0636],[105.966,18.0567],[105.9498,18.0588],[105.9299,18.0901],[105.9166,18.0814],[105.8925,18.0905],[105.8708,18.0685],[105.8256,18.0645],[105.8112,18.054],[105.8084,18.0273],[105.786,18.0257],[105.7766,18.0183],[105.7299,18.0356],[105.7182,18.0205],[105.7193,18.0072],[105.7046,17.9939],[105.6418,17.9936],[105.6411,17.9662],[105.627,17.9533],[105.6161,17.9101],[105.6061,17.8964],[105.6374,17.8593],[105.6688,17.8497],[105.6813,17.8354],[105.6823,17.8199],[105.6736,17.7962],[105.6847,17.7873],[105.6993,17.7627],[105.7281,17.7457],[105.7269,17.7253],[105.7397,17.7221],[105.7489,17.6693],[105.7777,17.6758],[105.8171,17.6457],[105.8292,17.6472],[105.8346,17.631],[105.8565,17.6247],[106.0917,17.3602],[106.1338,17.3349],[106.1414,17.3158],[106.1792,17.2922],[106.1954,17.2755],[106.2298,17.2536],[106.2519,17.2539],[106.2753,17.2647],[106.2757,17.2968],[106.3013,17.2957],[106.3042,17.2649],[106.324,17.2177],[106.3033,17.2079],[106.3233,17.1978],[106.325,17.1828],[106.3383,17.1681],[106.3547,17.1357],[106.3714,17.112],[106.3891,17.1047],[106.4155,17.0792],[106.4005,17.0532],[106.4216,17.0313],[106.4256,17.0071],[106.4387,16.9959],[106.4608,17.0001],[106.469,16.9853],[106.4969,16.9808],[106.5143,16.9727],[106.529,16.9795],[106.5484,17.0068],[106.5457,16.9268],[106.5228,16.9267],[106.5146,16.9152],[106.5167,16.8907],[106.5492,16.8677],[106.5502,16.6953],[106.5649,16.6624],[106.5637,16.6421],[106.586,16.6273],[106.5954,16.6071],[106.615,16.6067],[106.6312,16.5924],[106.6471,16.5939],[106.6705,16.5628],[106.646,16.5389],[106.6511,16.5123],[106.6634,16.5034],[106.6587,16.4748],[106.6728,16.4735],[106.6933,16.4409],[106.7225,16.4348],[106.7323,16.4263],[106.7595,16.4257],[106.7701,16.4331],[106.7736,16.4599],[106.7906,16.4743],[106.8002,16.4646],[106.8269,16.5231],[106.8211,16.5295],[106.8289,16.5499],[106.8425,16.5484],[106.872,16.5341],[106.8887,16.5126],[106.876,16.4828],[106.8852,16.4546],[106.8699,16.4365],[106.8851,16.4224],[106.8959,16.3929],[106.9214,16.3712],[106.9507,16.3594],[106.9656,16.3469],[106.9639,16.3193],[106.9694,16.3029],[107.0055,16.3144],[107.0263,16.3122],[107.0424,16.3014],[107.0695,16.3048],[107.0796,16.3133],[107.0616,16.3332],[107.0597,16.349],[107.0393,16.3505],[107.0342,16.3678],[107.0437,16.3813],[107.058,16.3863],[107.0567,16.4083],[107.0974,16.3988],[107.1082,16.3874],[107.1261,16.3837],[107.1378,16.3906],[107.1389,16.4162],[107.1466,16.4347],[107.1294,16.4504],[107.1336,16.4587],[107.121,16.485],[107.0926,16.5023],[107.064,16.5128],[107.0537,16.5252],[107.0607,16.5455],[107.1192,16.5545],[107.1243,16.5641],[107.1492,16.5756],[107.2008,16.5841],[107.2132,16.5793],[107.2452,16.5869],[107.2691,16.5666],[107.3009,16.5874],[107.3234,16.5867],[107.3265,16.6093],[107.3085,16.6266],[107.3047,16.6415],[107.3233,16.6721],[107.3326,16.6768],[107.3555,16.704],[107.368,16.7349],[107.386,16.7439]]]},"properties":{"code":"44","name":"Quảng Trị","nameEn":"Quang Tri"}},
{"type":"Feature","geometry":{"type":"Polygon","coordinates":[[[108.1922,16.2112],[108.1647,16.211],[108.1446,16.2211],[108.1158,16.2141],[108.0857,16.2329],[108.0391,16.3034],[108.0403,16.317],[108.0201,16.3212],[107.9969,16.3138],[107.9765,16.3178],[107.9502,16.344],[107.9326,16.3419],[107.9031,16.3686],[107.8977,16.3678],[107.8556,16.4028],[107.8004,16.4526],[107.7122,16.5226],[107.6608,16.5564],[107.587,16.5925],[107.5,16.6544],[107.386,16.7439],[107.368,16.7349],[107.3555,16.704],[107.3326,16.6768],[107.3233,16.6721],[107.3047,16.6415],[107.3085,16.6266],[107.3265,16.6093],[107.3234,16.5867],[107.3009,16.5874],[107.2691,16.5666],[107.2452,16.5869],[107.2132,16.5793],[107.2008,16.5841],[107.1492,16.5756],[107.1243,16.5641],[107.1192,16.5545],[107.0607,16.5455],[107.0537,16.5252],[107.064,16.5128],[107.0926,16.5023],[107.121,16.485],[107.1336,16.4587],[107.1294,16.4504],[107.1466,16.4347],[107.1389,16.4162],[107.1378,16.3906],[107.1261,16.3837],[107.1082,16.3874],[107.0974,16.3988],[107.0567,16.4083],[107.058,16.3863],[107.0437,16.3813],[107.0342,16.3678],[107.0393,16.3505],[107.0597,16.349],[107.0616,16.3332],[107.0796,16.3133],[107.0859,16.3124],[107.1456,16.2707],[107.1536,16.2587],[107.1534,16.2336],[107.1426,16.2152],[107.1473,16.1906],[107.1579,16.1699],[107.1931,16.1456],[107.2213,16.1401],[107.2422,16.1482],[107.2616,16.137],[107.27,16.1175],[107.2833,16.1172],[107.3089,16.0798],[107.3324,16.0561],[107.3472,16.0634],[107.3637,16.062],[107.3779,16.0734],[107.3887,16.0637],[107.4017,16.0789],[107.4198,16.0794],[107.4501,16.0893],[107.4594,16.0741],[107.4447,16.0553],[107.4453,16.0426],[107.4659,16.0264],[107.4869,16.0419],[107.5051,16.0222],[107.5416,16.0119],[107.5528,16.0158],[107.5587,16.032],[107.5513,16.0452],[107.5698,16.0562],[107.5993,16.0584],[107.6175,16.0649],[107.6241,16.0506],[107.6199,16.0327],[107.6626,16.0191],[107.6757,16],[107.7055,15.9973],[107.7222,16.0089],[107.7277,16.0336],[107.7684,16.0533],[107.7866,16.0678],[107.8139,16.0545],[107.821,16.0806],[107.8331,16.0992],[107.854,16.1145],[107.8586,16.1566],[107.874,16.1687],[107.8663,16.1859],[107.8748,16.1985],[107.9074,16.216],[107.9275,16.199],[107.9539,16.1902],[107.9662,16.1944],[107.9864,16.2148],[108.0115,16.1959],[108.0619,16.1846],[108.0898,16.1814],[108.0982,16.1877],[108.1202,16.1833],[108.1426,16.1999],[108.1922,16.2112]]]},"properties":{"code":"46","name":"Huế","nameEn":"Hue"}},
{"type":"Feature","geometry":{"type":"MultiPolygon","coordinates":[[[[108.5233,15.9614],[108.5014,15.9807],[108.4817,15.9668],[108.5056,15.9572],[108.5089,15.9427],[108.527,15.9319],[108.5376,15.9369],[108.5368,15.9575],[108.5233,15.9614]]],[[[108.1922,16.2112],[108.1426,16.1999],[108.1202,16.1833],[108.0982,16.1877],[108.0898,16.1814],[108.0619,16.1846],[108.0115,16.1959],[107.9864,16.2148],[107.9662,16.1944],[107.9539,16.1902],[107.9275,16.199],[107.9074,16.216],[107.8748,16.1985],[107.8663,16.1859],[107.874,16.1687],[107.8586,16.1566],[107.854,16.1145],[107.8331,16.0992],[107.821,16.0806],[107.8139,16.0545],[107.7866,16.0678],[107.7684,16.0533],[107.7277,16.0336],[107.7222,16.0089],[107.7055,15.9973],[107.6757,16],[107.6626,16.0191],[107.6199,16.0327],[107.6241,16.0506],[107.6175,16.0649],[107.5993,16.0584],[107.5698,16.0562],[107.5513,16.0452],[107.5587,16.032],[107.5528,16.0158],[107.5416,16.0119],[107.5051,16.0222],[107.4869,16.0419],[107.4659,16.0264],[107.4331,15.9618],[107.4258,15.931],[107.3972,15.8953],[107.3828,15.8883],[107.369,15.8989],[107.3245,15.8898],[107.3077,15.8715],[107.2696,15.8588],[107.2458,15.8395],[107.2332,15.8447],[107.2129,15.83],[107.2242,15.8068],[107.2273,15.7865],[107.2099,15.7586],[107.2124,15.7404],[107.2413,15.7463],[107.2475,15.7268],[107.2628,15.7214],[107.2746,15.7008],[107.2728,15.6794],[107.2633,15.6639],[107.2733,15.6543],[107.2737,15.6362],[107.2905,15.6243],[107.313,15.6267],[107.3339,15.6225],[107.3511,15.5892],[107.3409,15.5788],[107.3631,15.57],[107.3616,15.5574],[107.3704,15.5389],[107.3799,15.4948],[107.4281,15.4912],[107.4356,15.5045],[107.4527,15.5043],[107.4788,15.4927],[107.4892,15.4801],[107.5121,15.4735],[107.5245,15.438],[107.5167,15.4171],[107.5286,15.4069],[107.5593,15.3955],[107.5711,15.399],[107.6015,15.4224],[107.6222,15.4141],[107.635,15.4169],[107.6587,15.3885],[107.6628,15.3534],[107.7061,15.304],[107.7284,15.3092],[107.7258,15.2918],[107.7363,15.2376],[107.7699,15.2336],[107.7784,15.2201],[107.8464,15.2081],[107.8717,15.2102],[107.8877,15.1949],[107.8972,15.2056],[107.9277,15.21],[107.9486,15.1763],[107.98,15.1675],[107.9973,15.157],[108.0025,15.1421],[107.9868,15.0976],[107.9743,15.0709],[107.9481,15.0543],[107.9635,15.0225],[107.9884,15.0002],[108.0176,15.0026],[108.0418,14.9946],[108.0616,14.9727],[108.0742,14.9697],[108.0896,14.9545],[108.1215,14.9613],[108.1428,14.9608],[108.16,14.9753],[108.1501,15.0021],[108.1465,15.0493],[108.1703,15.0628],[108.2111,15.0338],[108.2368,15.0331],[108.2398,15.0627],[108.2339,15.0793],[108.2579,15.0979],[108.2551,15.1147],[108.2723,15.1308],[108.2922,15.1683],[108.3045,15.1751],[108.3009,15.1933],[108.3024,15.2279],[108.2871,15.2287],[108.2797,15.2438],[108.3008,15.2598],[108.2991,15.2869],[108.3153,15.3009],[108.3626,15.2964],[108.38,15.3043],[108.39,15.3],[108.4149,15.3084],[108.4326,15.3262],[108.4377,15.3128],[108.4851,15.3102],[108.4973,15.3244],[108.5248,15.3216],[108.5446,15.3361],[108.5602,15.336],[108.5773,15.3462],[108.6278,15.3593],[108.6423,15.3685],[108.6901,15.3698],[108.7194,15.3757],[108.737,15.3987],[108.6977,15.4372],[108.6983,15.462],[108.6877,15.4859],[108.6609,15.4988],[108.6365,15.5032],[108.6136,15.518],[108.5757,15.5597],[108.5145,15.6423],[108.4531,15.7388],[108.4223,15.7914],[108.4086,15.825],[108.4015,15.8548],[108.381,15.8895],[108.3306,15.9199],[108.2922,15.9595],[108.2696,16],[108.2511,16.0408],[108.2445,16.0755],[108.2574,16.1026],[108.2775,16.0993],[108.2867,16.1054],[108.3083,16.1002],[108.3117,16.1135],[108.3356,16.12],[108.3207,16.1421],[108.3078,16.1261],[108.2841,16.138],[108.2697,16.1356],[108.2472,16.1561],[108.2306,16.1455],[108.2137,16.1257],[108.2399,16.1117],[108.2138,16.0966],[108.2001,16.0753],[108.1679,16.0813],[108.1463,16.0957],[108.1224,16.1288],[108.1348,16.1584],[108.1474,16.1617],[108.1524,16.1876],[108.1922,16.2112]]],[[[112.2415,15.694],[112.2709,15.7078],[112.2782,15.7225],[112.27,15.7399],[112.2452,15.7335],[112.2259,15.7151],[112.2241,15.7004],[112.2415,15.694]]],[[[111.2159,15.7824],[111.1853,15.7817],[111.188,15.7687],[111.2152,15.7683],[111.2159,15.7824]]],[[[111.8178,16.0358],[111.8483,16.0409],[111.8517,16.0579],[111.8466,16.0731],[111.7974,16.0782],[111.772,16.0714],[111.7652,16.0325],[111.7822,16.0308],[111.8178,16.0358]]],[[[112.54,16.0019],[112.6011,16.012],[112.6333,16.0341],[112.6367,16.0544],[112.6214,16.068],[112.5773,16.0646],[112.4942,16.046],[112.4671,16.0239],[112.4688,16.0087],[112.4892,16.0002],[112.54,16.0019]]],[[[111.5643,16.1878],[111.5724,16.2057],[111.6313,16.245],[111.6295,16.2602],[111.6127,16.2628],[111.5946,16.2535],[111.5873,16.2389],[111.5377,16.1951],[111.5408,16.1716],[111.5518,16.1653],[111.5925,16.1591],[111.6212,16.1596],[111.6697,16.1836],[111.6911,16.1862],[111.7124,16.1817],[111.7175,16.2003],[111.6787,16.2057],[111.6519,16.1985],[111.6063,16.1798],[111.5768,16.1789],[111.5643,16.1878]]],[[[111.6989,16.2863],[111.6715,16.284],[111.6755,16.259],[111.7072,16.2628],[111.7662,16.2521],[111.7876,16.2458],[111.7992,16.236],[111.7966,16.2217],[111.7367,16.1914],[111.7445,16.182],[111.796,16.1961],[111.8054,16.1961],[111.8247,16.2227],[111.8226,16.2441],[111.8007,16.2597],[111.7855,16.2769],[111.7527,16.2816],[111.7125,16.2796],[111.6989,16.2863]]],[[[112.3763,16.2919],[112.3517,16.2936],[112.3325,16.2864],[112.3375,16.2745],[112.3763,16.2919]]],[[[112.5239,16.2951],[112.5014,16.3002],[112.4792,16.2871],[112.4938,16.2758],[112.5123,16.2803],[112.5239,16.2951]]],[[[112.0193,16.3696],[111.9865,16.3696],[111.9649,16.3554],[111.959,16.3339],[111.9703,16.3225],[112.0226,16.3236],[112.0671,16.3276],[112.0846,16.3439],[112.0722,16.3603],[112.0552,16.3701],[112.0193,16.3696]]],[[[112.6413,16.3599],[112.6505,16.3649],[112.654,16.4025],[112.6307,16.4041],[112.6278,16.382],[112.6413,16.3599]]],[[[111.6112,16.4486],[111.5759,16.474],[111.5743,16.4564],[111.5876,16.4458],[111.6112,16.4486]]],[[[112.5605,16.4361],[112.5611,16.446],[112.5196,16.4269],[112.5325,16.4136],[112.5605,16.4361]]],[[[111.6186,16.4585],[111.6099,16.4853],[111.5968,16.4826],[111.6186,16.4585]]],[[[112.5755,16.4761],[112.5916,16.4876],[112.5858,16.5031],[112.5659,16.4902],[112.5755,16.4761]]],[[[112.5408,16.4999],[112.5371,16.5222],[112.5176,16.5212],[112.5323,16.4997],[112.5408,16.4999]]],[[[111.7483,16.5506],[111.7308,16.546],[111.7515,16.4921],[111.7492,16.4778],[111.7229,16.4456],[111.7386,16.4423],[111.7648,16.4755],[111.7708,16.5119],[111.7782,16.5262],[111.7727,16.5423],[111.7483,16.5506]]],[[[111.6679,16.5688],[111.6549,16.585],[111.6411,16.5708],[111.6531,16.5541],[111.6679,16.5688]]],[[[112.7124,16.5598],[112.7137,16.5791],[112.7087,16.6148],[112.6948,16.6113],[112.6952,16.5739],[112.7124,16.5598]]],[[[112.7085,16.6425],[112.68,16.6566],[112.6789,16.6453],[112.7085,16.6425]]],[[[112.7148,16.6574],[112.7148,16.6746],[112.694,16.6747],[112.7059,16.656],[112.7148,16.6574]]],[[[112.2268,16.7378],[112.208,16.7603],[112.2006,16.7483],[112.2268,16.7378]]],[[[112.2701,16.7506],[112.2838,16.7675],[112.2811,16.7765],[112.2448,16.7942],[112.229,16.7923],[112.2239,16.7739],[112.2477,16.7565],[112.2701,16.7506]]],[[[112.3049,16.812],[112.3313,16.853],[112.3297,16.8646],[112.3105,16.8684],[112.2908,16.8436],[112.2938,16.8169],[112.3049,16.812]]],[[[112.2264,16.8892],[112.1884,16.9126],[112.1814,16.8994],[112.1959,16.8838],[112.2264,16.8892]]],[[[112.3359,16.9118],[112.3367,16.9388],[112.3202,16.9374],[112.3259,16.9156],[112.3359,16.9118]]],[[[112.2327,16.9978],[112.2087,16.9977],[112.1903,16.9904],[112.1746,16.9709],[112.183,16.9573],[112.2198,16.9497],[112.229,16.9567],[112.2554,16.9611],[112.2613,16.9952],[112.2327,16.9978]]],[[[111.496,17.1085],[111.4684,17.1043],[111.4497,17.0887],[111.4467,17.0712],[111.4575,17.0653],[111.4941,17.0988],[111.496,17.1085]]]]},"properties":{"code":"48","name":"Đà Nẵng","nameEn":"Da Nang"}},
{"type":"Feature","geometry":{"type":"MultiPolygon","coordinates":[[[[109.1219,15.3918],[109.0983,15.3909],[109.099,15.3766],[109.1166,15.3706],[109.1383,15.3781],[109.1219,15.3918]]],[[[109.0808,14.5787],[109.0733,14.5954],[109.0638,14.661],[109.0819,14.674],[109.072,14.6965],[109.0759,14.7031],[109.0332,14.7644],[109.0025,14.8162],[108.9623,14.8984],[108.9405,14.9502],[108.9193,15.0099],[108.9014,15.0794],[108.8933,15.1687],[108.8942,15.1951],[108.9207,15.2152],[108.9315,15.2157],[108.9403,15.2341],[108.9339,15.2482],[108.9041,15.2511],[108.8851,15.2722],[108.8683,15.299],[108.8785,15.3186],[108.8615,15.3432],[108.8392,15.3584],[108.8259,15.3776],[108.8302,15.3934],[108.8202,15.4078],[108.8011,15.3976],[108.7541,15.3899],[108.737,15.3987],[108.7194,15.3757],[108.6901,15.3698],[108.6423,15.3685],[108.6278,15.3593],[108.5773,15.3462],[108.5602,15.336],[108.5446,15.3361],[108.5248,15.3216],[108.4973,15.3244],[108.4851,15.3102],[108.4377,15.3128],[108.4326,15.3262],[108.4149,15.3084],[108.39,15.3],[108.38,15.3043],[108.3626,15.2964],[108.3153,15.3009],[108.2991,15.2869],[108.3008,15.2598],[108.2797,15.2438],[108.2871,15.2287],[108.3024,15.2279],[108.3009,15.1933],[108.3045,15.1751],[108.2922,15.1683],[108.2723,15.1308],[108.2551,15.1147],[108.2579,15.0979],[108.2339,15.0793],[108.2398,15.0627],[108.2368,15.0331],[108.2111,15.0338],[108.1703,15.0628],[108.1465,15.0493],[108.1501,15.0021],[108.16,14.9753],[108.1428,14.9608],[108.1215,14.9613],[108.0896,14.9545],[108.0742,14.9697],[108.0616,14.9727],[108.0418,14.9946],[108.0176,15.0026],[107.9884,15.0002],[107.9635,15.0225],[107.9481,15.0543],[107.9743,15.0709],[107.9868,15.0976],[108.0025,15.1421],[107.9973,15.157],[107.98,15.1675],[107.9486,15.1763],[107.9277,15.21],[107.8972,15.2056],[107.8877,15.1949],[107.8717,15.2102],[107.8464,15.2081],[107.7784,15.2201],[107.7699,15.2336],[107.7363,15.2376],[107.7258,15.2918],[107.7284,15.3092],[107.7061,15.304],[107.6628,15.3534],[107.6587,15.3885],[107.635,15.4169],[107.6222,15.4141],[107.6111,15.3945],[107.5961,15.3852],[107.6071,15.3679],[107.6033,15.352],[107.6083,15.3363],[107.625,15.3321],[107.6136,15.2895],[107.6176,15.2467],[107.6229,15.2332],[107.616,15.2143],[107.6005,15.2054],[107.5945,15.191],[107.6237,15.142],[107.609,15.1268],[107.6211,15.1103],[107.5968,15.0901],[107.619,15.0519],[107.5952,15.0513],[107.5777,15.0295],[107.5378,15.0505],[107.494,15.021],[107.471,15.0201],[107.4666,15.0063],[107.4762,14.9927],[107.4769,14.9582],[107.5034,14.9315],[107.5281,14.9293],[107.538,14.9094],[107.581,14.894],[107.5885,14.8663],[107.5646,14.8501],[107.559,14.8392],[107.5093,14.7976],[107.5398,14.7519],[107.5241,14.7352],[107.5332,14.7256],[107.5545,14.7223],[107.5578,14.695],[107.5486,14.6805],[107.5498,14.6511],[107.5375,14.6322],[107.5426,14.6115],[107.5228,14.5991],[107.5145,14.5863],[107.53,14.5572],[107.5165,14.5162],[107.5054,14.5094],[107.5007,14.4572],[107.4878,14.4303],[107.4824,14.4048],[107.4581,14.4075],[107.4466,14.4271],[107.4261,14.414],[107.4223,14.4014],[107.4316,14.382],[107.4099,14.3624],[107.4068,14.3499],[107.3889,14.3197],[107.4054,14.2984],[107.4064,14.2623],[107.3975,14.25],[107.4044,14.2347],[107.387,14.2114],[107.3757,14.1813],[107.3567,14.1712],[107.3598,14.1613],[107.3357,14.1276],[107.3313,14.1068],[107.3593,14.0861],[107.38,14.0809],[107.3761,14.0652],[107.3629,14.0614],[107.3641,14.0369],[107.3548,14.0282],[107.3816,13.9919],[107.4017,13.99],[107.427,13.9993],[107.4419,13.9983],[107.4531,13.9765],[107.4516,13.9335],[107.4562,13.9235],[107.4677,13.9391],[107.4705,13.956],[107.5049,13.9766],[107.5165,13.9897],[107.5206,14.0124],[107.5357,14.0247],[107.5908,14.0264],[107.6112,14.0648],[107.6319,14.0555],[107.6452,14.0656],[107.6541,14.0869],[107.6619,14.1422],[107.6582,14.1659],[107.6716,14.1825],[107.6873,14.2186],[107.7186,14.216],[107.7498,14.2058],[107.774,14.222],[107.8158,14.2158],[107.8368,14.2449],[107.8361,14.2625],[107.846,14.2763],[107.8935,14.2815],[107.9298,14.2438],[107.9477,14.2425],[107.9627,14.2307],[107.9801,14.2442],[108.015,14.2455],[108.0364,14.2773],[108.0559,14.2673],[108.0754,14.311],[108.0957,14.3358],[108.1095,14.3447],[108.1127,14.3641],[108.1523,14.3502],[108.1591,14.3635],[108.1922,14.3731],[108.2115,14.3891],[108.2419,14.3967],[108.2717,14.3883],[108.2945,14.3938],[108.2924,14.4107],[108.3206,14.4434],[108.3228,14.4562],[108.3773,14.5121],[108.3811,14.5266],[108.3576,14.5656],[108.3555,14.5798],[108.374,14.6018],[108.3969,14.6037],[108.4165,14.5747],[108.4328,14.561],[108.4777,14.5469],[108.5065,14.5465],[108.5253,14.557],[108.5291,14.5755],[108.5402,14.5873],[108.5566,14.5867],[108.5727,14.5733],[108.594,14.5645],[108.5948,14.5474],[108.6046,14.5355],[108.6172,14.5446],[108.6391,14.5488],[108.6387,14.5669],[108.6732,14.583],[108.6776,14.5953],[108.7133,14.6025],[108.7342,14.5904],[108.7553,14.5944],[108.7639,14.6271],[108.7579,14.6679],[108.7686,14.6787],[108.785,14.6709],[108.8107,14.6721],[108.8402,14.6941],[108.8649,14.6926],[108.887,14.6841],[108.9234,14.7002],[108.9579,14.6874],[108.9787,14.6722],[108.9925,14.6748],[109.0144,14.6671],[109.0439,14.6287],[109.0587,14.5921],[109.0808,14.5787]]]]},"properties":{"code":"51","name":"Quảng Ngãi","nameEn":"Quang Ngai"}},
{"type":"Feature","geometry":{"type":"Polygon","coordinates":[[[109.0808,14.5787],[109.0587,14.5921],[109.0439,14.6287],[109.0144,14.6671],[108.9925,14.6748],[108.9787,14.6722],[108.9579,14.6874],[108.9234,14.7002],[108.887,14.6841],[108.8649,14.6926],[108.8402,14.6941],[108.8107,14.6721],[108.785,14.6709],[108.7686,14.6787],[108.7579,14.6679],[108.7639,14.6271],[108.7553,14.5944],[108.7342,14.5904],[108.7133,14.6025],[108.6776,14.5953],[108.6732,14.583],[108.6387,14.5669],[108.6391,14.5488],[108.6172,14.5446],[108.6046,14.5355],[108.5948,14.5474],[108.594,14.5645],[108.5727,14.5733],[108.5566,14.5867],[108.5402,14.5873],[108.5291,14.5755],[108.5253,14.557],[108.5065,14.5465],[108.4777,14.5469],[108.4328,14.561],[108.4165,14.5747],[108.3969,14.6037],[108.374,14.6018],[108.3555,14.5798],[108.3576,14.5656],[108.3811,14.5266],[108.3773,14.5121],[108.3228,14.4562],[108.3206,14.4434],[108.2924,14.4107],[108.2945,14.3938],[108.2717,14.3883],[108.2419,14.3967],[108.2115,14.3891],[108.1922,14.3731],[108.1591,14.3635],[108.1523,14.3502],[108.1127,14.3641],[108.1095,14.3447],[108.0957,14.3358],[108.0754,14.311],[108.0559,14.2673],[108.0364,14.2773],[108.015,14.2455],[107.9801,14.2442],[107.9627,14.2307],[107.9477,14.2425],[107.9298,14.2438],[107.8935,14.2815],[107.846,14.2763],[107.8361,14.2625],[107.8368,14.2449],[107.8158,14.2158],[107.774,14.222],[107.7498,14.2058],[107.7186,14.216],[107.6873,14.2186],[107.6716,14.1825],[107.6582,14.1659],[107.6619,14.1422],[107.6541,14.0869],[107.6452,14.0656],[107.6319,14.0555],[107.6112,14.0648],[107.5908,14.0264],[107.5357,14.0247],[107.5206,14.0124],[107.5165,13.9897],[107.5049,13.9766],[107.4705,13.956],[107.4677,13.9391],[107.4562,13.9235],[107.4713,13.9178],[107.4681,13.8908],[107.4564,13.8808],[107.4555,13.867],[107.4716,13.8556],[107.4531,13.827],[107.4597,13.8177],[107.4483,13.7949],[107.4717,13.7785],[107.4832,13.7769],[107.5308,13.7452],[107.5489,13.693],[107.5678,13.6651],[107.57,13.6238],[107.6158,13.5296],[107.6292,13.3617],[107.605,13.3056],[107.6427,13.324],[107.6615,13.3515],[107.7026,13.3764],[107.7182,13.3682],[107.7447,13.3647],[107.7659,13.3672],[107.7887,13.3816],[107.7967,13.3926],[107.8371,13.4016],[107.8497,13.3905],[107.8722,13.3944],[107.8893,13.387],[107.9189,13.3869],[107.9323,13.3768],[107.9446,13.3834],[107.962,13.381],[107.9948,13.3917],[108.0062,13.3823],[108.0503,13.4132],[108.0788,13.4021],[108.1097,13.4178],[108.1611,13.3989],[108.1761,13.3855],[108.2121,13.3699],[108.2616,13.3738],[108.288,13.3536],[108.3452,13.3396],[108.3552,13.3164],[108.3693,13.3053],[108.3713,13.2734],[108.3933,13.2563],[108.4037,13.2607],[108.4161,13.2388],[108.4155,13.221],[108.423,13.1976],[108.4345,13.1828],[108.46,13.1629],[108.4649,13.14],[108.4628,13.1183],[108.4882,13.11],[108.4998,13.0878],[108.5185,13.0642],[108.5125,13.0388],[108.5664,13.0205],[108.5899,13.0303],[108.6015,13.0169],[108.6231,13.009],[108.6367,13.0117],[108.65,13.0026],[108.6795,12.9992],[108.6913,13.0176],[108.7107,13.0182],[108.7475,13.0318],[108.7537,13.0394],[108.7464,13.0934],[108.7554,13.104],[108.7603,13.1346],[108.7802,13.148],[108.8261,13.1634],[108.8388,13.1639],[108.8525,13.1974],[108.8477,13.2182],[108.8661,13.2319],[108.8707,13.2809],[108.8575,13.2893],[108.8396,13.3217],[108.809,13.3572],[108.8032,13.3812],[108.8053,13.395],[108.8001,13.4444],[108.7839,13.4692],[108.7547,13.466],[108.74,13.4583],[108.714,13.4636],[108.7031,13.4884],[108.7132,13.5195],[108.7257,13.5215],[108.7324,13.544],[108.7465,13.5674],[108.7652,13.5623],[108.7847,13.5783],[108.8112,13.5781],[108.8253,13.5661],[108.854,13.5629],[108.8657,13.5361],[108.8936,13.5422],[108.9187,13.542],[108.942,13.528],[108.9835,13.5296],[108.998,13.5237],[109.0262,13.5315],[109.0499,13.5686],[109.0825,13.5681],[109.1124,13.5925],[109.1172,13.638],[109.1245,13.6448],[109.1415,13.6326],[109.1514,13.6368],[109.149,13.6564],[109.1543,13.6786],[109.1807,13.685],[109.2001,13.6956],[109.2056,13.6826],[109.2312,13.6722],[109.2131,13.749],[109.225,13.7658],[109.2455,13.7712],[109.2518,13.7603],[109.2739,13.7629],[109.2879,13.7574],[109.2912,13.7804],[109.2841,13.8043],[109.2969,13.8328],[109.2906,13.851],[109.2929,13.8884],[109.278,13.8892],[109.2655,13.901],[109.2443,13.9359],[109.2405,13.9557],[109.2523,13.9597],[109.2455,14.0109],[109.2514,14.0168],[109.2235,14.062],[109.2088,14.0933],[109.203,14.1151],[109.2079,14.1294],[109.2239,14.1333],[109.1962,14.1736],[109.1821,14.2029],[109.1793,14.2233],[109.1952,14.2353],[109.178,14.2697],[109.1772,14.2874],[109.1416,14.3364],[109.1215,14.3717],[109.126,14.3944],[109.1134,14.4207],[109.1215,14.4476],[109.1011,14.4808],[109.0946,14.4814],[109.0688,14.5501],[109.0647,14.5701],[109.0808,14.5787]]]},"properties":{"code":"52","name":"Gia Lai","nameEn":"Gia Lai"}},
{"type":"Feature","geometry":{"type":"MultiPolygon","coordinates":[[[[109.2783,12.2287],[109.2625,12.2365],[109.2372,12.2147],[109.2675,12.1974],[109.2747,12.1854],[109.296,12.1964],[109.3199,12.186],[109.3297,12.2153],[109.3193,12.2226],[109.3031,12.2157],[109.2945,12.2315],[109.2783,12.2287]]],[[[109.3456,12.6273],[109.3176,12.6403],[109.3013,12.62],[109.3175,12.6047],[109.3305,12.6095],[109.337,12.5918],[109.3811,12.5676],[109.3968,12.5504],[109.409,12.5607],[109.3983,12.5721],[109.394,12.5942],[109.3825,12.6229],[109.3623,12.6329],[109.3456,12.6273]]],[[[109.3871,12.8436],[109.3616,12.8683],[109.3369,12.8505],[109.3279,12.8508],[109.2887,12.8362],[109.2523,12.8381],[109.225,12.8143],[109.2076,12.8313],[109.1691,12.8287],[109.1518,12.8087],[109.1453,12.7853],[109.1222,12.7978],[109.0886,12.7639],[109.0816,12.7442],[109.0417,12.7472],[109.0231,12.737],[109.0132,12.7224],[108.9896,12.706],[108.9771,12.6846],[108.9531,12.6873],[108.9236,12.6411],[108.9085,12.6404],[108.8967,12.6285],[108.9155,12.5996],[108.8914,12.5814],[108.8894,12.5485],[108.8737,12.5361],[108.872,12.5136],[108.8584,12.4949],[108.8749,12.4816],[108.8638,12.4539],[108.8409,12.4621],[108.8094,12.4835],[108.7939,12.4894],[108.7759,12.5053],[108.7489,12.498],[108.7464,12.4816],[108.7349,12.4758],[108.7112,12.4844],[108.6985,12.473],[108.6672,12.4248],[108.6719,12.4043],[108.6846,12.3873],[108.6871,12.3689],[108.6754,12.3497],[108.6836,12.3327],[108.6782,12.3173],[108.6973,12.3111],[108.704,12.2993],[108.701,12.2376],[108.7188,12.2207],[108.7093,12.1913],[108.725,12.1663],[108.6921,12.1475],[108.6898,12.131],[108.6724,12.124],[108.7008,12.0932],[108.7097,12.0612],[108.6942,12.0423],[108.6781,12.0107],[108.6798,11.9864],[108.6612,11.9643],[108.6623,11.9155],[108.6518,11.8946],[108.652,11.8509],[108.6426,11.8344],[108.6278,11.8295],[108.6182,11.8036],[108.6386,11.7943],[108.6666,11.7894],[108.6615,11.7656],[108.667,11.7475],[108.6883,11.7355],[108.6996,11.7027],[108.6889,11.6951],[108.6771,11.6722],[108.6579,11.6688],[108.6217,11.6517],[108.5947,11.65],[108.5812,11.6423],[108.5603,11.642],[108.5511,11.6339],[108.5494,11.6026],[108.5724,11.5755],[108.5813,11.5562],[108.6399,11.552],[108.6552,11.5148],[108.6756,11.4776],[108.7075,11.4653],[108.7403,11.4713],[108.758,11.4669],[108.7561,11.4152],[108.7634,11.4058],[108.8005,11.3841],[108.843,11.3775],[108.8554,11.3586],[108.8672,11.3551],[108.8644,11.3305],[108.8868,11.3371],[108.92,11.3103],[108.9331,11.3078],[108.9626,11.3187],[108.9838,11.3343],[108.9914,11.3492],[109.0173,11.3615],[109.0046,11.393],[109.01,11.418],[109.0126,11.4708],[109.0094,11.5041],[109.0155,11.5304],[109.0322,11.5478],[109.0241,11.563],[109.0277,11.5815],[109.0498,11.589],[109.0648,11.5815],[109.0852,11.5872],[109.1216,11.5736],[109.139,11.5888],[109.1536,11.6217],[109.163,11.6242],[109.1802,11.6778],[109.2049,11.7189],[109.2261,11.7223],[109.228,11.7478],[109.186,11.7975],[109.1757,11.8449],[109.1607,11.8525],[109.1487,11.8263],[109.1274,11.8241],[109.1121,11.8546],[109.1137,11.8697],[109.1296,11.9086],[109.1509,11.8968],[109.1558,11.9111],[109.1772,11.9287],[109.2022,11.9832],[109.2124,11.9783],[109.2136,11.9408],[109.2044,11.9096],[109.2035,11.8829],[109.2297,11.882],[109.2483,11.8591],[109.2689,11.8641],[109.2789,11.8784],[109.2598,11.9073],[109.2579,11.9278],[109.2747,11.9463],[109.2705,11.9714],[109.2487,11.984],[109.2225,12.0184],[109.2024,12.0585],[109.1929,12.0912],[109.1945,12.1185],[109.2101,12.1241],[109.2204,12.1532],[109.1991,12.1645],[109.214,12.1986],[109.2151,12.2111],[109.2033,12.2201],[109.1949,12.2399],[109.2034,12.2678],[109.2034,12.2889],[109.2312,12.2954],[109.2406,12.3065],[109.2099,12.3252],[109.2008,12.3361],[109.195,12.3606],[109.1984,12.387],[109.1911,12.3987],[109.164,12.4047],[109.1503,12.4298],[109.1634,12.4369],[109.1774,12.4555],[109.2062,12.437],[109.2357,12.4093],[109.2628,12.3748],[109.2643,12.3597],[109.2917,12.3475],[109.2979,12.3547],[109.3004,12.3816],[109.3354,12.39],[109.3398,12.4008],[109.3175,12.4188],[109.306,12.4168],[109.2879,12.4288],[109.2938,12.4784],[109.2753,12.4866],[109.2561,12.5041],[109.2371,12.5103],[109.2279,12.5389],[109.2302,12.5616],[109.2423,12.5864],[109.2288,12.5936],[109.2091,12.57],[109.1951,12.5802],[109.2019,12.5954],[109.203,12.6188],[109.1889,12.6277],[109.2001,12.6495],[109.2131,12.6498],[109.2097,12.6703],[109.2312,12.6979],[109.257,12.7098],[109.3018,12.7599],[109.3226,12.7651],[109.3301,12.7944],[109.3527,12.7911],[109.3519,12.7639],[109.3781,12.7138],[109.3662,12.6919],[109.3518,12.6933],[109.3421,12.6692],[109.3537,12.6529],[109.3685,12.6573],[109.3797,12.6707],[109.4052,12.671],[109.4114,12.6553],[109.4081,12.6366],[109.3897,12.632],[109.3955,12.609],[109.413,12.6037],[109.4107,12.5853],[109.4386,12.5708],[109.428,12.5973],[109.4358,12.6132],[109.4322,12.635],[109.4362,12.6485],[109.4509,12.6503],[109.4522,12.667],[109.4243,12.6705],[109.3913,12.7189],[109.3614,12.782],[109.3549,12.8221],[109.3618,12.8365],[109.3871,12.8436]]],[[[114.8657,7.1963],[114.8728,7.2177],[114.8728,7.2409],[114.8603,7.2481],[114.8425,7.2391],[114.8246,7.2106],[114.8264,7.1927],[114.8478,7.1838],[114.8657,7.1963]]],[[[113.8433,7.3877],[113.8514,7.3958],[113.8469,7.4187],[113.822,7.424],[113.797,7.4044],[113.7978,7.3802],[113.8243,7.3809],[113.8433,7.3877]]],[[[109.9424,7.539],[109.8922,7.5575],[109.794,7.5684],[109.6959,7.5611],[109.6232,7.5284],[109.5542,7.4557],[109.4779,7.3431],[109.4734,7.3236],[109.5001,7.316],[109.6012,7.4666],[109.6641,7.5104],[109.7232,7.5314],[109.7918,7.5371],[109.8643,7.5257],[109.9272,7.5104],[109.9501,7.5085],[109.9615,7.5257],[109.9424,7.539]]],[[[114.9995,7.48],[115.0138,7.4872],[115.0245,7.5032],[115.0245,7.5229],[115.0067,7.5336],[114.9835,7.5318],[114.9549,7.5211],[114.9531,7.5015],[114.962,7.4818],[114.9835,7.4765],[114.9995,7.48]]],[[[111.585,7.5258],[111.6107,7.5686],[111.6221,7.5972],[111.6079,7.62],[111.5736,7.6114],[111.5451,7.5715],[111.5394,7.5287],[111.5508,7.5116],[111.585,7.5258]]],[[[114.7104,7.58],[114.7283,7.6014],[114.7247,7.6175],[114.7122,7.6228],[114.689,7.621],[114.6747,7.6103],[114.6658,7.5853],[114.6676,7.5657],[114.6836,7.5604],[114.7104,7.58]]],[[[113.9266,7.6433],[113.9123,7.6404],[113.903,7.6261],[113.9259,7.6076],[113.9473,7.6162],[113.953,7.6269],[113.9445,7.6404],[113.9266,7.6433]]],[[[113.809,7.6045],[113.8355,7.6161],[113.8387,7.6426],[113.8281,7.6521],[113.791,7.6489],[113.7762,7.6405],[113.7698,7.6172],[113.7794,7.6066],[113.809,7.6045]]],[[[111.6991,7.6428],[111.7248,7.6628],[111.7448,7.6998],[111.7391,7.7255],[111.7134,7.7312],[111.682,7.7112],[111.6678,7.6799],[111.6706,7.6428],[111.6991,7.6428]]],[[[110.508,7.7953],[110.5264,7.8161],[110.5195,7.8322],[110.501,7.8368],[110.4664,7.8045],[110.4664,7.7838],[110.4895,7.7792],[110.508,7.7953]]],[[[112.9288,7.8987],[112.9139,7.8995],[112.9032,7.8822],[112.9056,7.8598],[112.9288,7.8507],[112.9445,7.8764],[112.9611,7.8855],[112.9569,7.8971],[112.9288,7.8987]]],[[[110.0586,7.8494],[110.079,7.8718],[110.0911,7.9165],[110.0873,7.9451],[110.0644,7.9584],[110.045,7.9568],[109.9558,7.8955],[109.9359,7.8775],[109.9291,7.8326],[109.9539,7.8173],[109.9886,7.8132],[110.0586,7.8494]]],[[[111.7448,7.9052],[111.7334,7.9366],[111.6906,7.9451],[111.6506,7.948],[111.6193,7.9109],[111.5993,7.871],[111.5708,7.8453],[111.5508,7.8196],[111.548,7.794],[111.5679,7.7654],[111.5964,7.7597],[111.6278,7.8253],[111.6421,7.8596],[111.6877,7.8881],[111.7277,7.8795],[111.7448,7.9052]]],[[[110.6478,7.987],[110.6402,8.0442],[110.6192,8.0442],[110.6078,8.0156],[110.6154,7.9851],[110.6478,7.987]]],[[[113.9615,7.9454],[113.9689,7.9496],[113.9742,7.975],[113.953,8.011],[113.9414,8.0237],[113.9075,8.0216],[113.8969,8.0036],[113.9011,7.9793],[113.9138,7.9613],[113.9371,7.9486],[113.9615,7.9454]]],[[[114.8957,7.9498],[114.9136,7.9614],[114.9157,7.9972],[114.9073,8.0109],[114.8862,8.0193],[114.8725,8.0109],[114.8683,7.9888],[114.8841,7.9519],[114.8957,7.9498]]],[[[112.0105,8.0524],[112.0226,8.0659],[112.0213,8.0928],[112.0105,8.1022],[111.981,8.1103],[111.9487,8.1103],[111.9312,8.0968],[111.9299,8.0632],[111.9581,8.0524],[111.9931,8.0484],[112.0105,8.0524]]],[[[113.3003,8.1364],[113.2893,8.1336],[113.2884,8.0831],[113.3022,8.0784],[113.3208,8.1021],[113.325,8.1321],[113.3003,8.1364]]],[[[110.5561,8.0931],[110.5983,8.149],[110.6021,8.1796],[110.5797,8.1851],[110.4762,8.1471],[110.4535,8.14],[110.4704,8.0743],[110.4955,8.0675],[110.5561,8.0931]]],[[[114.1272,8.0783],[114.144,8.1022],[114.1392,8.1262],[114.1177,8.1286],[114.0937,8.0998],[114.1033,8.0783],[114.1272,8.0783]]],[[[114.8236,8.119],[114.8212,8.1453],[114.8093,8.1668],[114.7853,8.162],[114.7734,8.1453],[114.7806,8.1142],[114.8093,8.107],[114.8236,8.119]]],[[[114.6198,8.1731],[114.6082,8.19],[114.5787,8.1742],[114.5713,8.1636],[114.5429,8.1636],[114.5397,8.1426],[114.5107,8.1339],[114.5193,8.1125],[114.5393,8.1111],[114.5864,8.1239],[114.6135,8.1382],[114.6206,8.1553],[114.6198,8.1731]]],[[[114.747,8.1932],[114.7351,8.2123],[114.704,8.2243],[114.68,8.2243],[114.6681,8.2123],[114.6872,8.1884],[114.7183,8.186],[114.747,8.1932]]],[[[113.3836,8.2254],[113.3893,8.2406],[113.3907,8.2882],[113.3826,8.3115],[113.3612,8.3125],[113.3522,8.2844],[113.3564,8.2687],[113.3531,8.2501],[113.3365,8.2463],[113.3208,8.2116],[113.2903,8.1712],[113.2713,8.1369],[113.2793,8.1302],[113.3146,8.1802],[113.3284,8.1716],[113.3193,8.1493],[113.3241,8.1426],[113.3555,8.1773],[113.3836,8.2254]]],[[[115.2795,8.3226],[115.2932,8.3345],[115.2949,8.3551],[115.2675,8.3739],[115.2401,8.3842],[115.2316,8.4013],[115.2127,8.4047],[115.1871,8.3842],[115.1934,8.3495],[115.2213,8.3345],[115.2538,8.3226],[115.2795,8.3226]]],[[[111.5044,8.5302],[111.5127,8.5468],[111.5032,8.5599],[111.4759,8.5528],[111.4664,8.5243],[111.4771,8.5219],[111.5044,8.5302]]],[[[115.2982,8.4961],[115.3025,8.5176],[115.2939,8.5326],[115.2724,8.5369],[115.2574,8.524],[115.2574,8.4982],[115.2746,8.4789],[115.2982,8.4961]]],[[[115.5605,8.4638],[115.5691,8.4875],[115.567,8.5133],[115.5562,8.5326],[115.5261,8.5326],[115.5132,8.5176],[115.5089,8.4939],[115.5218,8.466],[115.5369,8.4617],[115.5605,8.4638]]],[[[111.6811,8.6322],[111.7167,8.6548],[111.7084,8.6809],[111.6657,8.6797],[111.6456,8.656],[111.6467,8.6429],[111.6632,8.6308],[111.6811,8.6322]]],[[[114.2482,8.7549],[114.2349,8.7834],[114.2197,8.7977],[114.1997,8.7939],[114.193,8.7711],[114.2025,8.7368],[114.2149,8.714],[114.2263,8.714],[114.2244,8.7416],[114.2549,8.7311],[114.2482,8.7549]]],[[[112.6333,8.8165],[112.6532,8.826],[112.6485,8.8365],[112.6066,8.8631],[112.5952,8.8641],[112.5428,8.8555],[112.539,8.8422],[112.5645,8.8201],[112.5771,8.8156],[112.6333,8.8165]]],[[[112.2535,8.8403],[112.2602,8.8593],[112.2278,8.8708],[112.2059,8.8708],[112.2193,8.8335],[112.2421,8.8336],[112.2535,8.8403]]],[[[114.0046,8.7815],[114.0093,8.7977],[113.9817,8.8196],[113.9693,8.8434],[113.9532,8.8415],[113.957,8.8149],[113.9741,8.7901],[114.0046,8.7815]]],[[[112.8705,8.8558],[112.8696,8.8776],[112.8515,8.8862],[112.8229,8.8824],[112.8267,8.8662],[112.8591,8.85],[112.8705,8.8558]]],[[[112.2889,8.8669],[112.2966,8.8735],[112.2933,8.9019],[112.2834,8.9063],[112.2638,8.9008],[112.2484,8.8899],[112.2528,8.879],[112.2791,8.8626],[112.2889,8.8669]]],[[[114.0483,8.7796],[114.0521,8.7996],[114.0493,8.8291],[114.0426,8.8425],[114.0131,8.8663],[113.9846,8.8739],[113.9789,8.8605],[114.0036,8.8367],[114.0198,8.8111],[114.0217,8.7873],[114.0312,8.7777],[114.0483,8.7796]]],[[[113.9351,8.8406],[113.9332,8.8834],[113.9132,8.892],[113.897,8.8701],[113.9018,8.8567],[113.9227,8.8387],[113.9351,8.8406]]],[[[112.3829,8.9174],[112.3896,8.9317],[112.3791,8.9479],[112.3525,8.9469],[112.342,8.9412],[112.3534,8.9136],[112.3829,8.9174]]],[[[114.6394,8.8643],[114.6727,8.872],[114.6975,8.911],[114.6946,8.93],[114.6803,8.9348],[114.6613,8.931],[114.6442,8.9081],[114.6442,8.8929],[114.6289,8.8843],[114.6261,8.87],[114.6394,8.8643]]],[[[113.6752,8.9814],[113.6695,8.989],[113.6467,8.9881],[113.6476,8.9757],[113.6714,8.9719],[113.6752,8.9814]]],[[[116.3081,8.8662],[116.317,8.8904],[116.3347,8.9056],[116.3335,8.9208],[116.3068,8.931],[116.2763,8.8853],[116.2776,8.8713],[116.2954,8.8586],[116.3081,8.8662]]],[[[113.7305,9.0233],[113.7105,9.0404],[113.6933,9.0338],[113.6981,9.0166],[113.7295,9.009],[113.7305,9.0233]]],[[[113.6677,9.0048],[113.68,9.0317],[113.6609,9.0418],[113.6352,9.0216],[113.6441,9.0008],[113.6677,9.0048]]],[[[113.7069,9.1863],[113.7024,9.2008],[113.708,9.221],[113.6912,9.2367],[113.6654,9.2378],[113.6542,9.1941],[113.6688,9.1852],[113.699,9.1818],[113.7069,9.1863]]],[[[116.4985,9.1646],[116.496,9.1989],[116.4782,9.2001],[116.4592,9.1913],[116.4516,9.1684],[116.4706,9.1494],[116.4909,9.1481],[116.4985,9.1646]]],[[[114.1892,9.3464],[114.1992,9.3579],[114.1978,9.3893],[114.1821,9.395],[114.1693,9.3893],[114.1678,9.3593],[114.1892,9.3464]]],[[[115.9672,9.2872],[115.9789,9.3091],[115.9686,9.334],[115.954,9.35],[115.9175,9.3413],[115.9157,9.3264],[115.9292,9.293],[115.9482,9.2813],[115.9672,9.2872]]],[[[115.4688,9.3247],[115.4821,9.3457],[115.4783,9.38],[115.465,9.4086],[115.4326,9.4162],[115.425,9.3971],[115.425,9.3609],[115.4478,9.3247],[115.4688,9.3247]]],[[[112.5611,9.5202],[112.5728,9.5301],[112.5745,9.555],[112.5635,9.5643],[112.5327,9.5626],[112.5141,9.5434],[112.5245,9.5231],[112.5611,9.5202]]],[[[112.8721,9.5356],[112.8913,9.5562],[112.8746,9.5591],[112.8721,9.5356]]],[[[116.967,9.4122],[116.9861,9.4376],[116.9937,9.4553],[116.9835,9.4718],[116.9632,9.4756],[116.8997,9.4579],[116.8997,9.4426],[116.9168,9.436],[116.9201,9.4147],[116.9302,9.4084],[116.967,9.4122]]],[[[112.9657,9.6393],[112.965,9.66],[112.9315,9.6543],[112.9265,9.6358],[112.9101,9.6343],[112.9048,9.6086],[112.9315,9.6143],[112.9386,9.6329],[112.9657,9.6393]]],[[[116.1952,9.5722],[116.1982,9.5898],[116.1718,9.6029],[116.1514,9.5825],[116.1601,9.5649],[116.1821,9.562],[116.1952,9.5722]]],[[[113.0186,9.6907],[112.9779,9.68],[112.9857,9.66],[113.0093,9.6586],[113.0328,9.6486],[113.0492,9.6507],[113.0557,9.6714],[113.0357,9.6886],[113.0186,9.6907]]],[[[114.3028,9.702],[114.3111,9.727],[114.2778,9.7413],[114.2659,9.7401],[114.2635,9.7199],[114.2742,9.7056],[114.3028,9.702]]],[[[114.7144,9.7102],[114.7206,9.7207],[114.7151,9.7409],[114.6911,9.7415],[114.6807,9.7243],[114.685,9.7139],[114.7046,9.7053],[114.7144,9.7102]]],[[[114.3621,9.7551],[114.3657,9.7706],[114.3508,9.7742],[114.349,9.7587],[114.3621,9.7551]]],[[[114.2913,9.7524],[114.301,9.7604],[114.2981,9.789],[114.2848,9.8166],[114.2629,9.8185],[114.2572,9.8023],[114.2648,9.7852],[114.2638,9.7661],[114.2829,9.75],[114.2913,9.7524]]],[[[116.5929,9.7306],[116.5956,9.7413],[116.5803,9.7664],[116.5651,9.7628],[116.5565,9.745],[116.5866,9.7252],[116.5929,9.7306]]],[[[115.8941,9.6526],[115.9028,9.6804],[115.9233,9.7199],[115.9262,9.7652],[115.9043,9.8076],[115.8575,9.7974],[115.8561,9.7652],[115.8385,9.7418],[115.8341,9.7126],[115.8531,9.6775],[115.8614,9.6497],[115.8795,9.6453],[115.8941,9.6526]]],[[[114.5137,9.8428],[114.516,9.8608],[114.4995,9.864],[114.503,9.8428],[114.5137,9.8428]]],[[[116.4369,9.7745],[116.4495,9.7826],[116.4513,9.8032],[116.4253,9.8166],[116.4118,9.8121],[116.402,9.7924],[116.419,9.7736],[116.4369,9.7745]]],[[[116.4943,9.7853],[116.5131,9.7987],[116.5122,9.8077],[116.4943,9.8229],[116.4755,9.8229],[116.4817,9.7888],[116.4943,9.7853]]],[[[114.4711,9.8866],[114.4705,9.8993],[114.4485,9.9065],[114.4446,9.8888],[114.4711,9.8866]]],[[[114.571,9.8845],[114.56,9.9077],[114.5476,9.8961],[114.5595,9.8836],[114.571,9.8845]]],[[[114.4964,9.8984],[114.5004,9.9126],[114.4839,9.9158],[114.4831,9.9004],[114.4964,9.8984]]],[[[115.5371,9.8633],[115.5617,9.8666],[115.5725,9.8828],[115.5743,9.9025],[115.5514,9.9248],[115.5514,9.9374],[115.5363,9.9433],[115.5127,9.9299],[115.5017,9.9181],[115.5017,9.886],[115.5089,9.8675],[115.5236,9.8599],[115.5371,9.8633]]],[[[114.6434,9.9281],[114.6684,9.9459],[114.672,9.9733],[114.6636,9.9923],[114.6386,9.9995],[114.6172,9.9959],[114.6149,9.9792],[114.6232,9.9673],[114.6193,9.9364],[114.6434,9.9281]]],[[[113.8689,9.9868],[113.874,10.0002],[113.8832,10.0801],[113.8891,10.0944],[113.8841,10.1239],[113.8613,10.1264],[113.8462,10.1079],[113.8428,10.0532],[113.8319,9.991],[113.8496,9.9784],[113.8689,9.9868]]],[[[114.2712,10.1382],[114.2789,10.1523],[114.2768,10.1741],[114.2522,10.1797],[114.2367,10.1621],[114.2417,10.1382],[114.2712,10.1382]]],[[[116.0871,10.0693],[116.0973,10.0868],[116.0973,10.1102],[116.0783,10.138],[116.0637,10.1307],[116.0461,10.1058],[116.0476,10.0912],[116.0607,10.0824],[116.0666,10.0649],[116.0871,10.0693]]],[[[114.3331,10.1586],[114.3429,10.1875],[114.3148,10.2001],[114.2979,10.1811],[114.3042,10.1642],[114.3331,10.1586]]],[[[117.3873,10.0663],[117.392,10.0948],[117.3718,10.1115],[117.3564,10.1079],[117.3504,10.0865],[117.3599,10.0639],[117.3873,10.0663]]],[[[114.4386,10.2142],[114.4273,10.2303],[114.3858,10.2135],[114.3626,10.2107],[114.3605,10.1938],[114.3704,10.1811],[114.4041,10.1867],[114.4386,10.2142]]],[[[113.6291,10.2235],[113.6427,10.2462],[113.6283,10.2614],[113.6078,10.2591],[113.5987,10.2424],[113.6154,10.2265],[113.6291,10.2235]]],[[[115.3064,10.1631],[115.3199,10.1656],[115.3368,10.1808],[115.3368,10.2044],[115.3107,10.2246],[115.2828,10.2145],[115.2744,10.1934],[115.2845,10.169],[115.3064,10.1631]]],[[[115.3814,10.2271],[115.389,10.2347],[115.3882,10.2583],[115.3747,10.2651],[115.3486,10.2566],[115.357,10.2322],[115.3814,10.2271]]],[[[114.5666,10.2395],[114.5912,10.2507],[114.6052,10.2641],[114.6263,10.2718],[114.6193,10.2894],[114.5525,10.2669],[114.5426,10.2585],[114.5448,10.2423],[114.5666,10.2395]]],[[[114.261,10.2241],[114.282,10.2544],[114.3157,10.2729],[114.3241,10.2931],[114.3064,10.3007],[114.2913,10.2973],[114.2644,10.278],[114.2417,10.2553],[114.2341,10.241],[114.2356,10.2239],[114.261,10.2241]]],[[[114.718,10.3073],[114.7362,10.3551],[114.7117,10.3663],[114.6948,10.363],[114.6779,10.3352],[114.6822,10.306],[114.6961,10.2964],[114.718,10.3073]]],[[[117.2874,10.3078],[117.3004,10.3185],[117.304,10.3363],[117.2981,10.3554],[117.2719,10.3661],[117.2576,10.3399],[117.26,10.3197],[117.2695,10.3078],[117.2874,10.3078]]],[[[116.523,10.3681],[116.532,10.3931],[116.5457,10.4158],[116.5434,10.4294],[116.5116,10.4249],[116.4934,10.3999],[116.4685,10.3749],[116.4571,10.3522],[116.4617,10.3273],[116.4776,10.3091],[116.5116,10.3045],[116.582,10.3114],[116.641,10.3341],[116.6501,10.3477],[116.6433,10.3636],[116.6206,10.3636],[116.5298,10.3545],[116.523,10.3681]]],[[[115.7225,10.4585],[115.719,10.4776],[115.7047,10.4788],[115.7011,10.4603],[115.7106,10.4496],[115.7225,10.4585]]],[[[115.766,10.4496],[115.7809,10.4639],[115.7755,10.477],[115.741,10.48],[115.744,10.455],[115.766,10.4496]]],[[[116.8637,10.474],[116.8751,10.4968],[116.8494,10.4975],[116.838,10.4847],[116.8451,10.4725],[116.8637,10.474]]],[[[115.7202,10.4954],[115.738,10.5222],[115.7344,10.54],[115.7214,10.543],[115.6987,10.5258],[115.6892,10.5055],[115.6984,10.4949],[115.7202,10.4954]]],[[[115.7868,10.5139],[115.7868,10.5311],[115.7701,10.5484],[115.7529,10.5406],[115.7719,10.5139],[115.7868,10.5139]]],[[[116.7059,10.5175],[116.6502,10.5218],[116.6431,10.4997],[116.6581,10.4947],[116.7016,10.494],[116.7116,10.5047],[116.7059,10.5175]]],[[[117.2148,10.5909],[117.2136,10.6017],[117.1934,10.6207],[117.1779,10.6219],[117.1732,10.5933],[117.1958,10.5874],[117.2148,10.5909]]],[[[115.8446,10.6415],[115.8589,10.6687],[115.8368,10.6787],[115.8225,10.6515],[115.8446,10.6415]]],[[[114.492,10.7034],[114.4969,10.719],[114.4742,10.7332],[114.4544,10.7133],[114.4636,10.697],[114.492,10.7034]]],[[[117.6566,10.6296],[117.6686,10.6523],[117.653,10.6607],[117.6363,10.6511],[117.6303,10.6344],[117.6447,10.6224],[117.6566,10.6296]]],[[[115.8175,10.7151],[115.8282,10.7222],[115.8246,10.74],[115.7989,10.7465],[115.7989,10.7251],[115.8175,10.7151]]],[[[114.3651,10.6935],[114.3735,10.6983],[114.3759,10.7258],[114.4565,10.7736],[114.4619,10.7856],[114.45,10.7969],[114.4326,10.7903],[114.3269,10.7419],[114.3209,10.7336],[114.3233,10.6953],[114.343,10.6911],[114.3651,10.6935]]],[[[114.5834,10.7608],[114.5969,10.7772],[114.5969,10.7942],[114.5693,10.7984],[114.5551,10.7786],[114.5629,10.7665],[114.5834,10.7608]]],[[[117.2207,10.7206],[117.2148,10.7409],[117.1874,10.748],[117.1839,10.729],[117.21,10.7123],[117.2207,10.7206]]],[[[117.3873,10.6742],[117.417,10.6778],[117.4218,10.6897],[117.4194,10.7123],[117.404,10.7313],[117.3683,10.7468],[117.3242,10.7504],[117.2981,10.7432],[117.279,10.7242],[117.2671,10.6945],[117.279,10.6861],[117.3433,10.6742],[117.3873,10.6742]]],[[[114.8725,10.8166],[114.8743,10.8346],[114.8533,10.8375],[114.8575,10.8178],[114.8725,10.8166]]],[[[115.8304,10.8014],[115.8411,10.8114],[115.8404,10.8321],[115.8232,10.8357],[115.8097,10.8164],[115.8118,10.8036],[115.8304,10.8014]]],[[[115.8718,10.8343],[115.8646,10.8557],[115.8468,10.8585],[115.8453,10.845],[115.8561,10.8336],[115.8718,10.8343]]],[[[114.5982,10.8591],[114.6024,10.8937],[114.5952,10.9129],[114.5677,10.9111],[114.5438,10.8925],[114.5181,10.8806],[114.4721,10.8417],[114.478,10.8178],[114.4912,10.8154],[114.5187,10.8489],[114.5432,10.8549],[114.5689,10.8376],[114.5868,10.8435],[114.5982,10.8591]]],[[[114.9442,10.8465],[114.9525,10.8573],[114.9645,10.8967],[114.9549,10.9122],[114.9394,10.9105],[114.9161,10.8764],[114.9215,10.8435],[114.9442,10.8465]]],[[[114.0826,10.8874],[114.1084,10.894],[114.1114,10.9067],[114.1256,10.9147],[114.1165,10.9406],[114.0902,10.9466],[114.071,10.9416],[114.0507,10.9173],[114.0629,10.9072],[114.0735,10.8874],[114.0826,10.8874]]],[[[117.7933,10.7381],[117.8196,10.762],[117.828,10.7943],[117.8208,10.829],[117.8029,10.8302],[117.7646,10.7907],[117.7599,10.7716],[117.7635,10.7381],[117.7933,10.7381]]],[[[114.2417,11.0742],[114.2159,11.0732],[114.226,11.0565],[114.2427,11.0616],[114.2417,11.0742]]],[[[114.3307,11.0424],[114.3586,11.0586],[114.3586,11.0743],[114.3469,11.0894],[114.3322,11.0935],[114.2983,11.0626],[114.2994,11.0434],[114.313,11.0383],[114.3307,11.0424]]],[[[115.044,11.0606],[115.0476,11.0813],[115.0411,11.0885],[115.0197,11.0856],[115.0233,11.0606],[115.044,11.0606]]],[[[114.7427,11.0249],[114.7706,11.0471],[114.7956,11.077],[114.807,11.107],[114.7777,11.1177],[114.7692,11.1156],[114.7128,11.0449],[114.7021,11.0156],[114.7163,11.0007],[114.7427,11.0249]]],[[[114.8291,11.1377],[114.8234,11.1556],[114.7934,11.1556],[114.7906,11.1413],[114.8291,11.1377]]],[[[117.6925,11.0193],[117.7021,11.0408],[117.6901,11.054],[117.6698,11.0575],[117.6602,11.0492],[117.6626,11.0241],[117.6925,11.0193]]],[[[117.3004,11.0313],[117.31,11.0552],[117.304,11.0755],[117.2789,11.0779],[117.2693,11.0647],[117.2741,11.036],[117.3004,11.0313]]],[[[117.0721,11.0516],[117.0721,11.0695],[117.0529,11.0922],[117.0386,11.0922],[117.0207,11.0671],[117.035,11.0384],[117.0422,11.0432],[117.0673,11.0396],[117.0721,11.0516]]],[[[117.4761,11.0707],[117.4869,11.0803],[117.4785,11.097],[117.4606,11.091],[117.4498,11.0779],[117.451,11.0659],[117.4761,11.0707]]],[[[114.5962,11.3136],[114.6019,11.3239],[114.5831,11.3421],[114.5706,11.3273],[114.582,11.3085],[114.5962,11.3136]]],[[[114.4066,11.4926],[114.3559,11.4804],[114.334,11.465],[114.3123,11.4398],[114.3119,11.4271],[114.2897,11.4076],[114.2825,11.394],[114.2847,11.3747],[114.3094,11.3619],[114.3393,11.3637],[114.3825,11.3753],[114.4013,11.3894],[114.4079,11.4021],[114.4222,11.4503],[114.4226,11.465],[114.4066,11.4926]]],[[[114.7402,11.436],[114.743,11.4673],[114.7288,11.4951],[114.7163,11.4991],[114.6924,11.4883],[114.6981,11.453],[114.7089,11.4382],[114.7356,11.4308],[114.7402,11.436]]],[[[114.648,11.4252],[114.6554,11.4325],[114.6622,11.498],[114.6673,11.527],[114.6497,11.5344],[114.6201,11.5241],[114.6241,11.4752],[114.6207,11.4394],[114.6338,11.4234],[114.648,11.4252]]]]},"properties":{"code":"56","name":"Khánh Hoà","nameEn":"Khanh Hoa"}},
{"type":"Feature","geometry":{"type":"Polygon","coordinates":[[[109.2312,13.6722],[109.2056,13.6826],[109.2001,13.6956],[109.1807,13.685],[109.1543,13.6786],[109.149,13.6564],[109.1514,13.6368],[109.1415,13.6326],[109.1245,13.6448],[109.1172,13.638],[109.1124,13.5925],[109.0825,13.5681],[109.0499,13.5686],[109.0262,13.5315],[108.998,13.5237],[108.9835,13.5296],[108.942,13.528],[108.9187,13.542],[108.8936,13.5422],[108.8657,13.5361],[108.854,13.5629],[108.8253,13.5661],[108.8112,13.5781],[108.7847,13.5783],[108.7652,13.5623],[108.7465,13.5674],[108.7324,13.544],[108.7257,13.5215],[108.7132,13.5195],[108.7031,13.4884],[108.714,13.4636],[108.74,13.4583],[108.7547,13.466],[108.7839,13.4692],[108.8001,13.4444],[108.8053,13.395],[108.8032,13.3812],[108.809,13.3572],[108.8396,13.3217],[108.8575,13.2893],[108.8707,13.2809],[108.8661,13.2319],[108.8477,13.2182],[108.8525,13.1974],[108.8388,13.1639],[108.8261,13.1634],[108.7802,13.148],[108.7603,13.1346],[108.7554,13.104],[108.7464,13.0934],[108.7537,13.0394],[108.7475,13.0318],[108.7107,13.0182],[108.6913,13.0176],[108.6795,12.9992],[108.65,13.0026],[108.6367,13.0117],[108.6231,13.009],[108.6015,13.0169],[108.5899,13.0303],[108.5664,13.0205],[108.5125,13.0388],[108.5185,13.0642],[108.4998,13.0878],[108.4882,13.11],[108.4628,13.1183],[108.4649,13.14],[108.46,13.1629],[108.4345,13.1828],[108.423,13.1976],[108.4155,13.221],[108.4161,13.2388],[108.4037,13.2607],[108.3933,13.2563],[108.3713,13.2734],[108.3693,13.3053],[108.3552,13.3164],[108.3452,13.3396],[108.288,13.3536],[108.2616,13.3738],[108.2121,13.3699],[108.1761,13.3855],[108.1611,13.3989],[108.1097,13.4178],[108.0788,13.4021],[108.0503,13.4132],[108.0062,13.3823],[107.9948,13.3917],[107.962,13.381],[107.9446,13.3834],[107.9323,13.3768],[107.9189,13.3869],[107.8893,13.387],[107.8722,13.3944],[107.8497,13.3905],[107.8371,13.4016],[107.7967,13.3926],[107.7887,13.3816],[107.7659,13.3672],[107.7447,13.3647],[107.7182,13.3682],[107.7026,13.3764],[107.6615,13.3515],[107.6427,13.324],[107.605,13.3056],[107.4936,13.0289],[107.4903,13.0013],[107.5025,12.9772],[107.4853,12.9705],[107.4824,12.9466],[107.4915,12.9381],[107.4979,12.9169],[107.489,12.8995],[107.4953,12.8803],[107.5099,12.8696],[107.5251,12.8416],[107.5398,12.8352],[107.5522,12.818],[107.5601,12.7945],[107.6077,12.7996],[107.6655,12.7971],[107.7323,12.7844],[107.8022,12.78],[107.8277,12.803],[107.8471,12.8133],[107.8614,12.7955],[107.8527,12.7837],[107.8551,12.7616],[107.8667,12.7524],[107.8887,12.7509],[107.9082,12.7394],[107.8942,12.7126],[107.9104,12.6945],[107.9037,12.6782],[107.9127,12.6594],[107.9332,12.5938],[107.93,12.5846],[107.9081,12.577],[107.8931,12.5654],[107.8874,12.5408],[107.9038,12.5285],[107.9226,12.5316],[107.9558,12.5204],[107.9953,12.4867],[107.9992,12.4781],[107.9834,12.4477],[107.9642,12.4378],[107.9474,12.4415],[107.9241,12.4319],[107.9246,12.416],[107.911,12.4],[107.9193,12.3819],[107.9317,12.3744],[107.929,12.3567],[107.9428,12.3274],[107.9692,12.3122],[107.9748,12.2979],[107.9977,12.3053],[108.0183,12.2916],[108.037,12.29],[108.043,12.2738],[108.0811,12.2392],[108.0951,12.2123],[108.1115,12.1941],[108.1171,12.1774],[108.1554,12.1911],[108.1743,12.1863],[108.1859,12.1738],[108.2072,12.1736],[108.2152,12.1843],[108.2358,12.1744],[108.2468,12.1792],[108.2589,12.2019],[108.2756,12.215],[108.2998,12.2098],[108.3316,12.237],[108.3326,12.2453],[108.354,12.2558],[108.3673,12.2551],[108.3849,12.2426],[108.4106,12.2446],[108.4345,12.2581],[108.4397,12.2759],[108.4577,12.2766],[108.482,12.3107],[108.4908,12.3056],[108.4974,12.2854],[108.5105,12.2783],[108.5338,12.2826],[108.5358,12.294],[108.586,12.2896],[108.5936,12.2786],[108.6368,12.2948],[108.6655,12.301],[108.6782,12.3173],[108.6836,12.3327],[108.6754,12.3497],[108.6871,12.3689],[108.6846,12.3873],[108.6719,12.4043],[108.6672,12.4248],[108.6985,12.473],[108.7112,12.4844],[108.7349,12.4758],[108.7464,12.4816],[108.7489,12.498],[108.7759,12.5053],[108.7939,12.4894],[108.8094,12.4835],[108.8409,12.4621],[108.8638,12.4539],[108.8749,12.4816],[108.8584,12.4949],[108.872,12.5136],[108.8737,12.5361],[108.8894,12.5485],[108.8914,12.5814],[108.9155,12.5996],[108.8967,12.6285],[108.9085,12.6404],[108.9236,12.6411],[108.9531,12.6873],[108.9771,12.6846],[108.9896,12.706],[109.0132,12.7224],[109.0231,12.737],[109.0417,12.7472],[109.0816,12.7442],[109.0886,12.7639],[109.1222,12.7978],[109.1453,12.7853],[109.1518,12.8087],[109.1691,12.8287],[109.2076,12.8313],[109.225,12.8143],[109.2523,12.8381],[109.2887,12.8362],[109.3279,12.8508],[109.3369,12.8505],[109.3616,12.8683],[109.3871,12.8436],[109.4275,12.882],[109.449,12.8593],[109.4436,12.9175],[109.4155,12.9463],[109.4206,12.9541],[109.3674,13.0186],[109.3325,13.0809],[109.3013,13.1233],[109.2904,13.1562],[109.3012,13.1885],[109.2912,13.218],[109.3021,13.2315],[109.3011,13.2496],[109.3134,13.2571],[109.3065,13.276],[109.2843,13.3077],[109.28,13.3238],[109.2921,13.3347],[109.2917,13.365],[109.2505,13.3674],[109.2416,13.3902],[109.2234,13.3912],[109.2286,13.413],[109.2197,13.4468],[109.2315,13.4732],[109.2488,13.4866],[109.2648,13.4805],[109.2907,13.4506],[109.2572,13.4287],[109.2673,13.4145],[109.2877,13.4179],[109.298,13.4077],[109.3097,13.4156],[109.3089,13.4392],[109.3188,13.4632],[109.3011,13.4685],[109.2889,13.4866],[109.2875,13.5065],[109.2991,13.5227],[109.2767,13.5363],[109.2771,13.5559],[109.2881,13.5752],[109.2703,13.5778],[109.2486,13.5983],[109.2269,13.6384],[109.2312,13.6722]]]},"properties":{"code":"66","name":"Đắk Lắk","nameEn":"Dak Lak"}},
{"type":"Feature","geometry":{"type":"MultiPolygon","coordinates":[[[[108.8644,11.3305],[108.8672,11.3551],[108.8554,11.3586],[108.843,11.3775],[108.8005,11.3841],[108.7634,11.4058],[108.7561,11.4152],[108.758,11.4669],[108.7403,11.4713],[108.7075,11.4653],[108.6756,11.4776],[108.6552,11.5148],[108.6399,11.552],[108.5813,11.5562],[108.5724,11.5755],[108.5494,11.6026],[108.5511,11.6339],[108.5603,11.642],[108.5812,11.6423],[108.5947,11.65],[108.6217,11.6517],[108.6579,11.6688],[108.6771,11.6722],[108.6889,11.6951],[108.6996,11.7027],[108.6883,11.7355],[108.667,11.7475],[108.6615,11.7656],[108.6666,11.7894],[108.6386,11.7943],[108.6182,11.8036],[108.6278,11.8295],[108.6426,11.8344],[108.652,11.8509],[108.6518,11.8946],[108.6623,11.9155],[108.6612,11.9643],[108.6798,11.9864],[108.6781,12.0107],[108.6942,12.0423],[108.7097,12.0612],[108.7008,12.0932],[108.6724,12.124],[108.6898,12.131],[108.6921,12.1475],[108.725,12.1663],[108.7093,12.1913],[108.7188,12.2207],[108.701,12.2376],[108.704,12.2993],[108.6973,12.3111],[108.6782,12.3173],[108.6655,12.301],[108.6368,12.2948],[108.5936,12.2786],[108.586,12.2896],[108.5358,12.294],[108.5338,12.2826],[108.5105,12.2783],[108.4974,12.2854],[108.4908,12.3056],[108.482,12.3107],[108.4577,12.2766],[108.4397,12.2759],[108.4345,12.2581],[108.4106,12.2446],[108.3849,12.2426],[108.3673,12.2551],[108.354,12.2558],[108.3326,12.2453],[108.3316,12.237],[108.2998,12.2098],[108.2756,12.215],[108.2589,12.2019],[108.2468,12.1792],[108.2358,12.1744],[108.2152,12.1843],[108.2072,12.1736],[108.1859,12.1738],[108.1743,12.1863],[108.1554,12.1911],[108.1171,12.1774],[108.1115,12.1941],[108.0951,12.2123],[108.0811,12.2392],[108.043,12.2738],[108.037,12.29],[108.0183,12.2916],[107.9977,12.3053],[107.9748,12.2979],[107.9692,12.3122],[107.9428,12.3274],[107.929,12.3567],[107.9317,12.3744],[107.9193,12.3819],[107.911,12.4],[107.9246,12.416],[107.9241,12.4319],[107.9474,12.4415],[107.9642,12.4378],[107.9834,12.4477],[107.9992,12.4781],[107.9953,12.4867],[107.9558,12.5204],[107.9226,12.5316],[107.9038,12.5285],[107.8874,12.5408],[107.8931,12.5654],[107.9081,12.577],[107.93,12.5846],[107.9332,12.5938],[107.9127,12.6594],[107.9037,12.6782],[107.9104,12.6945],[107.8942,12.7126],[107.9082,12.7394],[107.8887,12.7509],[107.8667,12.7524],[107.8551,12.7616],[107.8527,12.7837],[107.8614,12.7955],[107.8471,12.8133],[107.8277,12.803],[107.8022,12.78],[107.7323,12.7844],[107.6655,12.7971],[107.6077,12.7996],[107.5601,12.7945],[107.5586,12.7488],[107.5653,12.7315],[107.5576,12.7162],[107.5794,12.6816],[107.5685,12.6603],[107.5711,12.6294],[107.5827,12.6057],[107.5784,12.578],[107.5878,12.5603],[107.5611,12.5235],[107.5785,12.4974],[107.574,12.4794],[107.5642,12.4716],[107.5648,12.456],[107.5418,12.4134],[107.5422,12.3984],[107.5522,12.3801],[107.5425,12.3531],[107.5002,12.328],[107.4649,12.3117],[107.4559,12.2953],[107.4424,12.2928],[107.4317,12.2532],[107.4132,12.2488],[107.3968,12.2567],[107.3879,12.2697],[107.3812,12.297],[107.3438,12.3353],[107.3194,12.3234],[107.301,12.332],[107.2805,12.3234],[107.2684,12.3256],[107.2377,12.3017],[107.2035,12.3],[107.2261,12.1542],[107.2215,12.126],[107.2393,12.1114],[107.2326,12.0902],[107.2304,12.0337],[107.24,12.0403],[107.2518,12.0214],[107.2939,12.0108],[107.3204,12.0072],[107.343,11.9809],[107.3537,11.9506],[107.3526,11.9392],[107.3823,11.9203],[107.4009,11.8886],[107.4056,11.8684],[107.4244,11.8599],[107.4239,11.8463],[107.4026,11.817],[107.4077,11.8081],[107.3909,11.7932],[107.3949,11.7741],[107.3674,11.7701],[107.3511,11.7535],[107.3248,11.7503],[107.3,11.7393],[107.2854,11.7265],[107.2829,11.6882],[107.264,11.661],[107.2688,11.6384],[107.286,11.6317],[107.3009,11.618],[107.2958,11.5868],[107.3107,11.5546],[107.3278,11.5549],[107.3434,11.5441],[107.3549,11.5593],[107.374,11.5475],[107.3671,11.5196],[107.4065,11.5295],[107.414,11.5151],[107.4409,11.5162],[107.4546,11.4932],[107.4684,11.4809],[107.4602,11.4641],[107.4442,11.4486],[107.4351,11.4314],[107.4708,11.4369],[107.4842,11.4289],[107.4848,11.404],[107.4968,11.3863],[107.5115,11.3856],[107.5157,11.372],[107.5332,11.3561],[107.5327,11.3258],[107.5169,11.3146],[107.5174,11.2868],[107.5237,11.2523],[107.4955,11.2278],[107.4848,11.2242],[107.4822,11.2051],[107.4589,11.1778],[107.4584,11.1673],[107.4334,11.138],[107.4483,11.1186],[107.4454,11.095],[107.4226,11.0814],[107.4216,11.0599],[107.4122,11.0517],[107.4199,11.038],[107.4426,11.03],[107.4532,11.0194],[107.4798,11.0085],[107.4954,11.0154],[107.5295,10.9925],[107.5411,10.9785],[107.5582,10.9381],[107.5578,10.869],[107.5758,10.8345],[107.5654,10.8051],[107.5252,10.777],[107.5037,10.7726],[107.5043,10.7472],[107.5323,10.7229],[107.5442,10.6958],[107.5379,10.6767],[107.5607,10.6325],[107.5697,10.5973],[107.5688,10.5703],[107.6166,10.5948],[107.6548,10.608],[107.6807,10.6269],[107.7071,10.6339],[107.7282,10.6337],[107.7539,10.6425],[107.778,10.6569],[107.8191,10.7018],[107.8449,10.7067],[107.8834,10.7218],[107.904,10.7229],[107.9362,10.716],[107.9625,10.7047],[107.9926,10.7025],[108.0151,10.7438],[108.03,10.8182],[108.0493,10.8608],[108.0733,10.9053],[108.0949,10.921],[108.1254,10.9319],[108.1804,10.9354],[108.2208,10.9529],[108.2518,10.9503],[108.2684,10.943],[108.2833,10.9256],[108.2925,10.9258],[108.3027,10.9482],[108.313,10.9552],[108.337,10.9551],[108.3427,10.9809],[108.3608,11.0218],[108.3789,11.0348],[108.4152,11.0306],[108.4262,11.0437],[108.4439,11.0485],[108.4569,11.0412],[108.4715,11.0506],[108.4892,11.1025],[108.514,11.1474],[108.5268,11.1566],[108.563,11.1657],[108.5886,11.1839],[108.6146,11.1781],[108.6334,11.19],[108.6585,11.1933],[108.6824,11.1879],[108.703,11.1736],[108.7269,11.185],[108.7328,11.2152],[108.7435,11.2342],[108.7508,11.2748],[108.7577,11.286],[108.7756,11.2894],[108.7861,11.3143],[108.8271,11.3184],[108.8513,11.332],[108.8644,11.3305]]],[[[108.9389,10.5528],[108.9217,10.5462],[108.9346,10.5113],[108.9568,10.5046],[108.9579,10.5214],[108.9469,10.5528],[108.9389,10.5528]]]]},"properties":{"code":"68","name":"Lâm Đồng","nameEn":"Lam Dong"}},
{"type":"Feature","geometry":{"type":"Polygon","coordinates":[[[107.5037,10.7726],[107.5252,10.777],[107.5654,10.8051],[107.5758,10.8345],[107.5578,10.869],[107.5582,10.9381],[107.5411,10.9785],[107.5295,10.9925],[107.4954,11.0154],[107.4798,11.0085],[107.4532,11.0194],[107.4426,11.03],[107.4199,11.038],[107.4122,11.0517],[107.4216,11.0599],[107.4226,11.0814],[107.4454,11.095],[107.4483,11.1186],[107.4334,11.138],[107.4584,11.1673],[107.4589,11.1778],[107.4822,11.2051],[107.4848,11.2242],[107.4955,11.2278],[107.5237,11.2523],[107.5174,11.2868],[107.5169,11.3146],[107.5327,11.3258],[107.5332,11.3561],[107.5157,11.372],[107.5115,11.3856],[107.4968,11.3863],[107.4848,11.404],[107.4842,11.4289],[107.4708,11.4369],[107.4351,11.4314],[107.4442,11.4486],[107.4602,11.4641],[107.4684,11.4809],[107.4546,11.4932],[107.4409,11.5162],[107.414,11.5151],[107.4065,11.5295],[107.3671,11.5196],[107.374,11.5475],[107.3549,11.5593],[107.3434,11.5441],[107.3278,11.5549],[107.3107,11.5546],[107.2958,11.5868],[107.3009,11.618],[107.286,11.6317],[107.2688,11.6384],[107.264,11.661],[107.2829,11.6882],[107.2854,11.7265],[107.3,11.7393],[107.3248,11.7503],[107.3511,11.7535],[107.3674,11.7701],[107.3949,11.7741],[107.3909,11.7932],[107.4077,11.8081],[107.4026,11.817],[107.4239,11.8463],[107.4244,11.8599],[107.4056,11.8684],[107.4009,11.8886],[107.3823,11.9203],[107.3526,11.9392],[107.3537,11.9506],[107.343,11.9809],[107.3204,12.0072],[107.2939,12.0108],[107.2518,12.0214],[107.24,12.0403],[107.2304,12.0337],[107.2326,12.0902],[107.2393,12.1114],[107.2215,12.126],[107.2261,12.1542],[107.2035,12.3],[107.1783,12.2837],[107.1556,12.2809],[107.1341,12.2412],[107.1376,12.2325],[107.107,12.2145],[107.09,12.182],[107.0787,12.1687],[107.0573,12.1552],[107.0457,12.1343],[107.0025,12.1163],[107.0095,12.107],[106.9927,12.0922],[106.9188,12.0634],[106.8825,12.0748],[106.8531,12.0701],[106.8168,12.0848],[106.7973,12.0845],[106.7779,12.0731],[106.7773,12.0621],[106.7451,12.0223],[106.728,11.9834],[106.7119,11.9709],[106.6877,11.965],[106.6519,11.9899],[106.6545,11.964],[106.6251,11.9755],[106.5413,11.9694],[106.5127,11.9819],[106.49,11.9723],[106.4714,11.9748],[106.4612,11.9852],[106.442,11.9874],[106.4305,11.9778],[106.4118,11.9757],[106.4574,11.8869],[106.4648,11.8694],[106.444,11.8653],[106.4372,11.8395],[106.4451,11.8285],[106.4125,11.7678],[106.4323,11.7142],[106.4509,11.6925],[106.4507,11.6721],[106.4479,11.6642],[106.4617,11.6398],[106.4639,11.6253],[106.4826,11.6054],[106.4869,11.5691],[106.4632,11.5436],[106.4439,11.5485],[106.4278,11.5344],[106.4217,11.496],[106.4333,11.5027],[106.4734,11.4973],[106.4915,11.4983],[106.5382,11.4691],[106.5585,11.473],[106.5716,11.4586],[106.5604,11.4435],[106.5404,11.4293],[106.5466,11.408],[106.5393,11.3881],[106.5596,11.3715],[106.6116,11.3885],[106.6144,11.3642],[106.6727,11.3551],[106.6774,11.3866],[106.6854,11.3968],[106.7076,11.4072],[106.7275,11.4342],[106.7507,11.447],[106.7515,11.477],[106.7881,11.4926],[106.8019,11.4825],[106.8039,11.4522],[106.7863,11.4327],[106.7689,11.4275],[106.7682,11.4049],[106.7872,11.402],[106.7866,11.3839],[106.809,11.3769],[106.8238,11.3855],[106.8388,11.376],[106.8527,11.3778],[106.8548,11.3535],[106.8611,11.3434],[106.8538,11.3238],[106.8684,11.3234],[106.8828,11.3411],[106.9017,11.3431],[106.9157,11.3569],[106.9424,11.3498],[106.9505,11.3246],[106.9354,11.3066],[106.9391,11.2931],[106.9255,11.2736],[106.9224,11.2425],[106.9048,11.2051],[106.9046,11.1937],[106.9313,11.1901],[106.9398,11.1684],[106.9556,11.1528],[106.9515,11.1307],[106.9641,11.1118],[106.9459,11.0903],[106.9457,11.0598],[106.9307,11.0657],[106.9106,11.0412],[106.906,11.0231],[106.8907,11.0283],[106.8701,11.0211],[106.8375,11.0418],[106.8282,11.0629],[106.8198,11.0661],[106.7974,11.0567],[106.8098,11.0419],[106.8089,11.0288],[106.7907,11.0235],[106.7758,11.0095],[106.7797,10.9882],[106.7946,10.9749],[106.7613,10.9549],[106.7888,10.9241],[106.8073,10.9208],[106.8159,10.9031],[106.8365,10.9034],[106.8486,10.878],[106.8469,10.8593],[106.8552,10.8434],[106.8776,10.8179],[106.8772,10.8026],[106.8637,10.7865],[106.8659,10.7666],[106.8436,10.776],[106.8268,10.7618],[106.8145,10.7807],[106.8004,10.7628],[106.7734,10.7489],[106.756,10.7272],[106.7541,10.6968],[106.7717,10.6785],[106.8053,10.6578],[106.8128,10.6409],[106.8331,10.6281],[106.8429,10.6398],[106.8581,10.6374],[106.8716,10.6492],[106.9168,10.611],[106.9396,10.5977],[106.9594,10.5943],[106.9817,10.5797],[106.9979,10.6365],[107.0365,10.6567],[107.0936,10.654],[107.1275,10.6881],[107.1379,10.7108],[107.1366,10.7455],[107.1543,10.7472],[107.1866,10.7726],[107.2053,10.7739],[107.205,10.7596],[107.239,10.7647],[107.2423,10.7572],[107.2988,10.756],[107.3024,10.7266],[107.3006,10.6828],[107.3142,10.6705],[107.3423,10.6762],[107.3587,10.7269],[107.3783,10.7429],[107.3966,10.7665],[107.4197,10.7811],[107.437,10.8],[107.4512,10.8055],[107.4567,10.7926],[107.4704,10.7948],[107.4821,10.7709],[107.5037,10.7726]]]},"properties":{"code":"75","name":"Đồng Nai","nameEn":"Dong Nai"}},
{"type":"Feature","geometry":{"type":"MultiPolygon","coordinates":[[[[107.5037,10.7726],[107.4821,10.7709],[107.4704,10.7948],[107.4567,10.7926],[107.4512,10.8055],[107.437,10.8],[107.4197,10.7811],[107.3966,10.7665],[107.3783,10.7429],[107.3587,10.7269],[107.3423,10.6762],[107.3142,10.6705],[107.3006,10.6828],[107.3024,10.7266],[107.2988,10.756],[107.2423,10.7572],[107.239,10.7647],[107.205,10.7596],[107.2053,10.7739],[107.1866,10.7726],[107.1543,10.7472],[107.1366,10.7455],[107.1379,10.7108],[107.1275,10.6881],[107.0936,10.654],[107.0365,10.6567],[106.9979,10.6365],[106.9817,10.5797],[106.9594,10.5943],[106.9396,10.5977],[106.9168,10.611],[106.8716,10.6492],[106.8581,10.6374],[106.8429,10.6398],[106.8331,10.6281],[106.8128,10.6409],[106.8053,10.6578],[106.7717,10.6785],[106.7541,10.6968],[106.756,10.7272],[106.7734,10.7489],[106.8004,10.7628],[106.8145,10.7807],[106.8268,10.7618],[106.8436,10.776],[106.8659,10.7666],[106.8637,10.7865],[106.8772,10.8026],[106.8776,10.8179],[106.8552,10.8434],[106.8469,10.8593],[106.8486,10.878],[106.8365,10.9034],[106.8159,10.9031],[106.8073,10.9208],[106.7888,10.9241],[106.7613,10.9549],[106.7946,10.9749],[106.7797,10.9882],[106.7758,11.0095],[106.7907,11.0235],[106.8089,11.0288],[106.8098,11.0419],[106.7974,11.0567],[106.8198,11.0661],[106.8282,11.0629],[106.8375,11.0418],[106.8701,11.0211],[106.8907,11.0283],[106.906,11.0231],[106.9106,11.0412],[106.9307,11.0657],[106.9457,11.0598],[106.9459,11.0903],[106.9641,11.1118],[106.9515,11.1307],[106.9556,11.1528],[106.9398,11.1684],[106.9313,11.1901],[106.9046,11.1937],[106.9048,11.2051],[106.9224,11.2425],[106.9255,11.2736],[106.9391,11.2931],[106.9354,11.3066],[106.9505,11.3246],[106.9424,11.3498],[106.9157,11.3569],[106.9017,11.3431],[106.8828,11.3411],[106.8684,11.3234],[106.8538,11.3238],[106.8611,11.3434],[106.8548,11.3535],[106.8527,11.3778],[106.8388,11.376],[106.8238,11.3855],[106.809,11.3769],[106.7866,11.3839],[106.7872,11.402],[106.7682,11.4049],[106.7689,11.4275],[106.7863,11.4327],[106.8039,11.4522],[106.8019,11.4825],[106.7881,11.4926],[106.7515,11.477],[106.7507,11.447],[106.7275,11.4342],[106.7076,11.4072],[106.6854,11.3968],[106.6774,11.3866],[106.6727,11.3551],[106.6144,11.3642],[106.6116,11.3885],[106.5596,11.3715],[106.5393,11.3881],[106.5466,11.408],[106.5404,11.4293],[106.5604,11.4435],[106.5716,11.4586],[106.5585,11.473],[106.5382,11.4691],[106.4915,11.4983],[106.4734,11.4973],[106.4333,11.5027],[106.4217,11.496],[106.4042,11.4712],[106.3824,11.4611],[106.3656,11.4469],[106.3597,11.4152],[106.3408,11.3711],[106.3278,11.348],[106.3438,11.325],[106.3353,11.3023],[106.3543,11.2854],[106.3506,11.2505],[106.378,11.2332],[106.3872,11.2115],[106.3866,11.1868],[106.4245,11.1716],[106.4285,11.1501],[106.4461,11.1369],[106.4276,11.0924],[106.4216,11.0464],[106.4068,11.0219],[106.4114,11.0086],[106.3753,11.0012],[106.3555,10.9918],[106.3721,10.9714],[106.4103,10.9758],[106.4521,10.9432],[106.5311,10.9015],[106.5029,10.79],[106.4618,10.7575],[106.4857,10.7304],[106.5076,10.7181],[106.5184,10.7247],[106.5338,10.6867],[106.5488,10.6863],[106.5486,10.6595],[106.554,10.6523],[106.6051,10.6587],[106.6219,10.6485],[106.6274,10.6268],[106.6389,10.6243],[106.6868,10.6554],[106.7094,10.6512],[106.7298,10.6365],[106.7276,10.6195],[106.7175,10.6059],[106.727,10.5812],[106.7425,10.576],[106.7456,10.5253],[106.7328,10.498],[106.7515,10.4676],[106.7798,10.4295],[106.8038,10.4055],[106.8122,10.3887],[106.8326,10.3961],[106.8741,10.3788],[106.8958,10.3785],[106.9702,10.4087],[106.9717,10.4591],[106.9853,10.4948],[106.9976,10.5067],[107.0066,10.494],[107.0366,10.4756],[107.0491,10.4527],[107.0699,10.4447],[107.0802,10.4345],[107.1118,10.4369],[107.1154,10.4124],[107.0908,10.3889],[107.0751,10.3942],[107.0695,10.3808],[107.0538,10.3749],[107.0586,10.3584],[107.0698,10.3487],[107.0728,10.3311],[107.0898,10.3377],[107.1117,10.3643],[107.1553,10.3902],[107.1628,10.3991],[107.2008,10.4071],[107.2136,10.4049],[107.2396,10.3796],[107.2559,10.3824],[107.2917,10.4242],[107.3173,10.4463],[107.3653,10.468],[107.418,10.4679],[107.4439,10.4709],[107.4689,10.4991],[107.51,10.5027],[107.5251,10.5232],[107.5688,10.5703],[107.5697,10.5973],[107.5607,10.6325],[107.5379,10.6767],[107.5442,10.6958],[107.5323,10.7229],[107.5043,10.7472],[107.5037,10.7726]]],[[[106.6665,8.6821],[106.695,8.6614],[106.7008,8.6775],[106.678,8.6744],[106.6665,8.6821]]],[[[106.6561,8.7605],[106.6206,8.7436],[106.6184,8.7316],[106.592,8.7256],[106.589,8.7088],[106.5771,8.7072],[106.5554,8.6769],[106.5407,8.663],[106.5401,8.6483],[106.5648,8.641],[106.5819,8.6474],[106.6117,8.6441],[106.5975,8.6723],[106.624,8.6805],[106.6377,8.7187],[106.6463,8.7325],[106.6596,8.7317],[106.6561,8.7605]]]]},"properties":{"code":"79","name":"Hồ Chí Minh","nameEn":"Ho Chi Minh"}},
{"type":"Feature","geometry":{"type":"Polygon","coordinates":[[[106.4507,11.6721],[106.4351,11.6711],[106.4138,11.6781],[106.3982,11.6931],[106.3812,11.6986],[106.3523,11.6917],[106.3414,11.6832],[106.3245,11.6854],[106.3012,11.6802],[106.2856,11.6965],[106.2636,11.7111],[106.253,11.7269],[106.2267,11.7319],[106.2148,11.7287],[106.1936,11.742],[106.1691,11.75],[106.1506,11.7372],[106.1369,11.7443],[106.1057,11.746],[106.0588,11.7839],[106.0249,11.776],[106.0083,11.752],[106.0135,11.7273],[105.9995,11.7023],[105.9788,11.6883],[105.9791,11.6681],[105.9486,11.641],[105.9243,11.6504],[105.8839,11.6785],[105.851,11.6628],[105.8303,11.6246],[105.8077,11.6005],[105.8168,11.5697],[105.8613,11.5641],[105.8756,11.5502],[105.8836,11.5219],[105.8772,11.5021],[105.8827,11.4903],[105.8737,11.4638],[105.9015,11.4432],[105.897,11.428],[105.873,11.4063],[105.8735,11.3751],[105.881,11.3599],[105.8687,11.3056],[105.8611,11.2887],[105.9068,11.2853],[105.9092,11.2416],[105.9253,11.2189],[105.9405,11.2066],[105.9647,11.1965],[106.0123,11.1917],[106.0164,11.1525],[106.0284,11.137],[106.0439,11.1297],[106.0682,11.1087],[106.0879,11.0998],[106.1071,11.0732],[106.1239,11.0906],[106.1522,11.1027],[106.1859,11.0515],[106.1952,10.9932],[106.1912,10.9737],[106.1529,10.9848],[106.1426,10.9777],[106.1498,10.9424],[106.1365,10.9157],[106.1601,10.889],[106.1865,10.839],[106.1883,10.791],[106.1628,10.8127],[106.0942,10.8087],[106.0692,10.8127],[106.0092,10.8549],[105.9721,10.8933],[105.947,10.9158],[105.9545,10.8846],[105.9308,10.867],[105.9337,10.8395],[105.8971,10.8455],[105.8481,10.8637],[105.8618,10.9023],[105.8417,10.9309],[105.807,10.9734],[105.775,11.0333],[105.7508,11.0264],[105.7351,11.0278],[105.713,11.02],[105.6862,10.9987],[105.6658,10.9885],[105.5367,10.9535],[105.4997,10.9526],[105.5145,10.9229],[105.5804,10.8936],[105.6019,10.8568],[105.6096,10.8337],[105.5949,10.8309],[105.7788,10.6597],[105.7998,10.6561],[105.8335,10.6383],[105.9074,10.5401],[105.9963,10.5336],[106.0952,10.5237],[106.1016,10.5275],[106.1022,10.577],[106.2037,10.5818],[106.2844,10.5879],[106.3086,10.5664],[106.3186,10.5708],[106.3463,10.5437],[106.3501,10.5251],[106.3647,10.5218],[106.3689,10.4889],[106.3857,10.4782],[106.4021,10.4942],[106.415,10.4883],[106.45,10.4515],[106.4194,10.4351],[106.4266,10.4128],[106.45,10.4134],[106.4544,10.396],[106.4847,10.4095],[106.5115,10.4297],[106.53,10.4321],[106.557,10.4245],[106.5576,10.4139],[106.5857,10.4198],[106.5945,10.4376],[106.6299,10.4576],[106.6361,10.4785],[106.6528,10.4827],[106.661,10.4438],[106.6846,10.4437],[106.7099,10.4799],[106.7328,10.498],[106.7456,10.5253],[106.7425,10.576],[106.727,10.5812],[106.7175,10.6059],[106.7276,10.6195],[106.7298,10.6365],[106.7094,10.6512],[106.6868,10.6554],[106.6389,10.6243],[106.6274,10.6268],[106.6219,10.6485],[106.6051,10.6587],[106.554,10.6523],[106.5486,10.6595],[106.5488,10.6863],[106.5338,10.6867],[106.5184,10.7247],[106.5076,10.7181],[106.4857,10.7304],[106.4618,10.7575],[106.5029,10.79],[106.5311,10.9015],[106.4521,10.9432],[106.4103,10.9758],[106.3721,10.9714],[106.3555,10.9918],[106.3753,11.0012],[106.4114,11.0086],[106.4068,11.0219],[106.4216,11.0464],[106.4276,11.0924],[106.4461,11.1369],[106.4285,11.1501],[106.4245,11.1716],[106.3866,11.1868],[106.3872,11.2115],[106.378,11.2332],[106.3506,11.2505],[106.3543,11.2854],[106.3353,11.3023],[106.3438,11.325],[106.3278,11.348],[106.3408,11.3711],[106.3597,11.4152],[106.3656,11.4469],[106.3824,11.4611],[106.4042,11.4712],[106.4217,11.496],[106.4278,11.5344],[106.4439,11.5485],[106.4632,11.5436],[106.4869,11.5691],[106.4826,11.6054],[106.4639,11.6253],[106.4617,11.6398],[106.4479,11.6642],[106.4507,11.6721]]]},"properties":{"code":"80","name":"Tây Ninh","nameEn":"Tay Ninh"}},
{"type":"Feature","geometry":{"type":"Polygon","coordinates":[[[105.4997,10.9526],[105.4622,10.9649],[105.4485,10.9578],[105.4327,10.9727],[105.4236,10.9714],[105.4038,10.9335],[105.3824,10.917],[105.3464,10.8708],[105.3354,10.8612],[105.2632,10.8974],[105.2372,10.8933],[105.1864,10.9125],[105.1879,10.8734],[105.1902,10.8511],[105.2107,10.8382],[105.2227,10.8204],[105.2377,10.8062],[105.2586,10.8017],[105.2563,10.7829],[105.2729,10.765],[105.2947,10.7642],[105.2994,10.749],[105.277,10.735],[105.2779,10.7232],[105.2998,10.7171],[105.3369,10.7239],[105.3493,10.7149],[105.3363,10.6731],[105.3382,10.6471],[105.348,10.6176],[105.3697,10.574],[105.394,10.5685],[105.4172,10.5507],[105.4437,10.5553],[105.4683,10.5406],[105.4905,10.5506],[105.5235,10.5419],[105.5432,10.5287],[105.5544,10.5134],[105.5686,10.4803],[105.5738,10.4462],[105.5724,10.43],[105.5527,10.4354],[105.542,10.4171],[105.5189,10.3994],[105.5235,10.3782],[105.517,10.3648],[105.4886,10.3455],[105.4951,10.326],[105.513,10.3073],[105.5468,10.2889],[105.6015,10.2356],[105.6146,10.2148],[105.6231,10.1874],[105.6602,10.1492],[105.681,10.1352],[105.6821,10.1432],[105.726,10.2062],[105.745,10.1984],[105.7627,10.1793],[105.7736,10.1894],[105.7988,10.1573],[105.8164,10.1519],[105.867,10.1539],[105.8742,10.1901],[105.8925,10.1874],[105.9111,10.1934],[105.9174,10.212],[105.9108,10.2277],[105.8889,10.2458],[105.8749,10.266],[105.8908,10.2782],[105.9002,10.2753],[105.9249,10.2844],[105.9688,10.3249],[105.9903,10.3315],[106.0283,10.3033],[106.0771,10.2788],[106.1021,10.2842],[106.1433,10.2859],[106.1782,10.3011],[106.2012,10.3158],[106.2365,10.3193],[106.2757,10.3272],[106.3017,10.3208],[106.3794,10.3418],[106.3881,10.3412],[106.4411,10.31],[106.4698,10.3078],[106.5077,10.2883],[106.5365,10.2676],[106.5925,10.2513],[106.6411,10.2409],[106.6699,10.2381],[106.6879,10.2295],[106.7115,10.2103],[106.7467,10.1938],[106.787,10.1924],[106.7978,10.2044],[106.788,10.2303],[106.7796,10.2923],[106.7805,10.3772],[106.8122,10.3887],[106.8038,10.4055],[106.7798,10.4295],[106.7515,10.4676],[106.7328,10.498],[106.7099,10.4799],[106.6846,10.4437],[106.661,10.4438],[106.6528,10.4827],[106.6361,10.4785],[106.6299,10.4576],[106.5945,10.4376],[106.5857,10.4198],[106.5576,10.4139],[106.557,10.4245],[106.53,10.4321],[106.5115,10.4297],[106.4847,10.4095],[106.4544,10.396],[106.45,10.4134],[106.4266,10.4128],[106.4194,10.4351],[106.45,10.4515],[106.415,10.4883],[106.4021,10.4942],[106.3857,10.4782],[106.3689,10.4889],[106.3647,10.5218],[106.3501,10.5251],[106.3463,10.5437],[106.3186,10.5708],[106.3086,10.5664],[106.2844,10.5879],[106.2037,10.5818],[106.1022,10.577],[106.1016,10.5275],[106.0952,10.5237],[105.9963,10.5336],[105.9074,10.5401],[105.8335,10.6383],[105.7998,10.6561],[105.7788,10.6597],[105.5949,10.8309],[105.6096,10.8337],[105.6019,10.8568],[105.5804,10.8936],[105.5145,10.9229],[105.4997,10.9526]]]},"properties":{"code":"82","name":"Đồng Tháp","nameEn":"Dong Thap"}},
{"type":"Feature","geometry":{"type":"MultiPolygon","coordinates":[[[[105.681,10.1352],[105.7129,10.1149],[105.7531,10.083],[105.7777,10.0722],[105.789,10.062],[105.8074,10.0297],[105.843,9.9826],[105.8615,9.9647],[105.9006,9.9345],[105.9142,9.9329],[105.9603,9.901],[105.9895,9.8737],[106.0001,9.8427],[106.0456,9.806],[106.0638,9.7861],[106.1116,9.7519],[106.15,9.7093],[106.1907,9.6675],[106.2461,9.6187],[106.2777,9.6007],[106.3017,9.5815],[106.3261,9.5907],[106.3414,9.5795],[106.3797,9.5411],[106.4068,9.5357],[106.4121,9.5294],[106.4837,9.5512],[106.5261,9.5788],[106.5561,9.6179],[106.576,9.6655],[106.5774,9.6893],[106.5679,9.6973],[106.566,9.7392],[106.6134,9.7949],[106.6404,9.8136],[106.6644,9.8435],[106.6845,9.8744],[106.6863,9.8851],[106.6682,9.909],[106.6591,9.9292],[106.622,9.951],[106.6335,9.9725],[106.6469,9.9771],[106.6855,10.0146],[106.7039,10.0414],[106.7361,10.0454],[106.7771,10.0911],[106.79,10.1121],[106.7841,10.128],[106.7875,10.1511],[106.782,10.1596],[106.787,10.1924],[106.7467,10.1938],[106.7115,10.2103],[106.6879,10.2295],[106.6699,10.2381],[106.6411,10.2409],[106.5925,10.2513],[106.5365,10.2676],[106.5077,10.2883],[106.4698,10.3078],[106.4411,10.31],[106.3881,10.3412],[106.3794,10.3418],[106.3017,10.3208],[106.2757,10.3272],[106.2365,10.3193],[106.2012,10.3158],[106.1782,10.3011],[106.1433,10.2859],[106.1021,10.2842],[106.0771,10.2788],[106.0283,10.3033],[105.9903,10.3315],[105.9688,10.3249],[105.9249,10.2844],[105.9002,10.2753],[105.8908,10.2782],[105.8749,10.266],[105.8889,10.2458],[105.9108,10.2277],[105.9174,10.212],[105.9111,10.1934],[105.8925,10.1874],[105.8742,10.1901],[105.867,10.1539],[105.8164,10.1519],[105.7988,10.1573],[105.7736,10.1894],[105.7627,10.1793],[105.745,10.1984],[105.726,10.2062],[105.6821,10.1432],[105.681,10.1352]]],[[[106.836,10.1535],[106.8273,10.1752],[106.8103,10.1678],[106.836,10.1535]]]]},"properties":{"code":"86","name":"Vĩnh Long","nameEn":"Vinh Long"}},
{"type":"Feature","geometry":{"type":"MultiPolygon","coordinates":[[[[103.4943,9.3198],[103.4646,9.3156],[103.4805,9.2867],[103.5023,9.3089],[103.4943,9.3198]]],[[[104.3596,9.6947],[104.3442,9.6854],[104.3456,9.6691],[104.3595,9.6605],[104.3596,9.6947]]],[[[104.6501,9.8182],[104.6346,9.8234],[104.6174,9.8126],[104.6128,9.7991],[104.6475,9.7966],[104.6501,9.8182]]],[[[104.0312,10.4146],[104.0061,10.4459],[103.9824,10.4501],[103.972,10.4413],[103.9647,10.4099],[103.9453,10.4023],[103.9404,10.3823],[103.9196,10.3606],[103.8862,10.3705],[103.8357,10.3788],[103.8307,10.3655],[103.8443,10.348],[103.8541,10.3098],[103.8697,10.3086],[103.8925,10.2909],[103.9176,10.2851],[103.9287,10.2643],[103.9458,10.2455],[103.9595,10.2062],[103.9824,10.1016],[103.9887,10.0513],[103.9989,10.045],[104.007,10.0226],[104.0281,10.0121],[104.0285,10.0323],[104.0416,10.0682],[104.0162,10.0849],[104.0346,10.1225],[104.0285,10.1341],[104.0414,10.1547],[104.0511,10.1935],[104.0677,10.2153],[104.079,10.2461],[104.0738,10.2729],[104.0782,10.3089],[104.0708,10.3394],[104.0789,10.3594],[104.073,10.3774],[104.0421,10.4143],[104.0312,10.4146]]],[[[105.1864,10.9125],[105.154,10.9249],[105.106,10.9192],[105.1146,10.9427],[105.1116,10.9634],[105.0821,10.9577],[105.0751,10.938],[105.0513,10.9306],[105.0439,10.9028],[105.027,10.8919],[105.0337,10.8681],[105.0567,10.8192],[105.0629,10.7817],[105.0743,10.7794],[105.0907,10.7571],[105.0962,10.7225],[104.9625,10.6451],[104.9332,10.6146],[104.9175,10.5828],[104.8987,10.5531],[104.8665,10.5227],[104.751,10.5201],[104.6889,10.539],[104.6437,10.5407],[104.6444,10.5319],[104.6147,10.5294],[104.5955,10.5351],[104.5869,10.5298],[104.5854,10.511],[104.5581,10.4938],[104.5501,10.4576],[104.5144,10.438],[104.4983,10.4078],[104.4766,10.4325],[104.437,10.4241],[104.4507,10.4008],[104.4432,10.3652],[104.4816,10.3777],[104.5122,10.3439],[104.5279,10.3146],[104.528,10.2824],[104.5502,10.2902],[104.5773,10.2597],[104.5883,10.23],[104.5839,10.2102],[104.5878,10.1876],[104.6079,10.164],[104.6125,10.1475],[104.6383,10.1377],[104.6542,10.163],[104.6839,10.1992],[104.722,10.2244],[104.7416,10.2268],[104.7688,10.218],[104.7946,10.2035],[104.8307,10.1622],[104.8596,10.1166],[104.8872,10.0888],[104.9099,10.0887],[104.9537,10.0986],[104.9905,10.0994],[105.0729,10.0118],[105.0989,9.9582],[105.0775,9.9489],[105.0621,9.9514],[105.0392,9.9398],[105.017,9.9227],[104.9635,9.8621],[104.9455,9.8514],[104.918,9.8486],[104.9006,9.8522],[104.8854,9.8303],[104.8729,9.7726],[104.8565,9.7228],[104.8406,9.6046],[104.8337,9.5336],[104.8439,9.5305],[104.8795,9.4951],[104.9145,9.5623],[104.9441,9.5334],[104.961,9.5565],[104.9896,9.5406],[105.0015,9.5594],[105.0577,9.5242],[105.1338,9.4798],[105.2576,9.4011],[105.2761,9.3998],[105.293,9.3892],[105.3176,9.3843],[105.3071,9.4156],[105.2935,9.4337],[105.2885,9.4578],[105.2956,9.5032],[105.318,9.5135],[105.3286,9.529],[105.3207,9.55],[105.3073,9.5568],[105.3071,9.5754],[105.2923,9.5884],[105.2846,9.6202],[105.3026,9.6278],[105.3062,9.6116],[105.329,9.6057],[105.3413,9.6127],[105.3552,9.5942],[105.372,9.5973],[105.374,9.6136],[105.3972,9.6312],[105.4047,9.6517],[105.3691,9.6599],[105.3368,9.6776],[105.3266,9.6998],[105.3563,9.7144],[105.3687,9.7288],[105.4118,9.7522],[105.4058,9.7746],[105.4234,9.7816],[105.4331,9.7951],[105.429,9.8167],[105.4751,9.8334],[105.5187,9.8601],[105.5189,9.8707],[105.5383,9.913],[105.4457,9.9983],[105.355,10.0834],[105.3508,10.1015],[105.3098,10.148],[105.2989,10.1369],[105.2762,10.16],[105.224,10.202],[105.2591,10.2469],[105.2654,10.2399],[105.2992,10.2777],[105.3099,10.2744],[105.3345,10.2354],[105.3977,10.2547],[105.4395,10.2707],[105.4247,10.3041],[105.4756,10.3129],[105.4951,10.326],[105.4886,10.3455],[105.517,10.3648],[105.5235,10.3782],[105.5189,10.3994],[105.542,10.4171],[105.5527,10.4354],[105.5724,10.43],[105.5738,10.4462],[105.5686,10.4803],[105.5544,10.5134],[105.5432,10.5287],[105.5235,10.5419],[105.493,10.5436],[105.4822,10.5341],[105.4683,10.5406],[105.4437,10.5553],[105.4172,10.5507],[105.394,10.5685],[105.3697,10.574],[105.348,10.6176],[105.3382,10.6471],[105.3363,10.6731],[105.3493,10.7149],[105.3369,10.7239],[105.2998,10.7171],[105.2779,10.7232],[105.277,10.735],[105.2994,10.749],[105.2947,10.7642],[105.2729,10.765],[105.2563,10.7829],[105.2586,10.8017],[105.2377,10.8062],[105.2227,10.8204],[105.2224,10.8288],[105.2052,10.8572],[105.1879,10.8734],[105.1864,10.9125]]]]},"properties":{"code":"91","name":"An Giang","nameEn":"An Giang"}},
{"type":"Feature","geometry":{"type":"Polygon","coordinates":[[[105.681,10.1352],[105.6602,10.1492],[105.6231,10.1874],[105.6146,10.2148],[105.6015,10.2356],[105.5468,10.2889],[105.513,10.3073],[105.4951,10.326],[105.4756,10.3129],[105.4247,10.3041],[105.4395,10.2707],[105.3977,10.2547],[105.3345,10.2354],[105.3099,10.2744],[105.2992,10.2777],[105.2654,10.2399],[105.2591,10.2469],[105.224,10.202],[105.2762,10.16],[105.2989,10.1369],[105.3098,10.148],[105.3508,10.1015],[105.355,10.0834],[105.4457,9.9983],[105.5383,9.913],[105.5189,9.8707],[105.5187,9.8601],[105.4751,9.8334],[105.429,9.8167],[105.4331,9.7951],[105.4234,9.7816],[105.4058,9.7746],[105.4118,9.7522],[105.3687,9.7288],[105.3563,9.7144],[105.3266,9.6998],[105.3368,9.6776],[105.3691,9.6599],[105.4047,9.6517],[105.3972,9.6312],[105.374,9.6136],[105.372,9.5973],[105.3764,9.5873],[105.4083,9.5986],[105.4294,9.6014],[105.4468,9.5889],[105.4725,9.5943],[105.4823,9.5871],[105.5011,9.5925],[105.5102,9.585],[105.5232,9.5956],[105.5444,9.5874],[105.5529,9.5703],[105.5422,9.4546],[105.5796,9.413],[105.5859,9.4243],[105.61,9.4126],[105.6263,9.4202],[105.6521,9.3869],[105.6714,9.3918],[105.6836,9.3793],[105.7036,9.3788],[105.7063,9.3956],[105.7218,9.3917],[105.7491,9.412],[105.7702,9.4122],[105.7746,9.3948],[105.7895,9.3798],[105.8084,9.372],[105.8414,9.4046],[105.8586,9.364],[105.8104,9.3404],[105.8241,9.2777],[105.8171,9.2746],[105.8258,9.2465],[105.8803,9.269],[105.9634,9.2953],[106.0639,9.3304],[106.1002,9.3417],[106.138,9.3337],[106.1578,9.3453],[106.1893,9.3791],[106.1875,9.4153],[106.1709,9.4286],[106.2011,9.4566],[106.2098,9.5007],[106.2381,9.4929],[106.2662,9.5113],[106.285,9.5454],[106.2914,9.5761],[106.3017,9.5815],[106.2777,9.6007],[106.2461,9.6187],[106.1907,9.6675],[106.15,9.7093],[106.1116,9.7519],[106.0638,9.7861],[106.0456,9.806],[106.0001,9.8427],[105.9895,9.8737],[105.9603,9.901],[105.9142,9.9329],[105.9006,9.9345],[105.8615,9.9647],[105.843,9.9826],[105.8074,10.0297],[105.789,10.062],[105.7777,10.0722],[105.7531,10.083],[105.7129,10.1149],[105.681,10.1352]]]},"properties":{"code":"92","name":"Cần Thơ","nameEn":"Can Tho"}},
{"type":"Feature","geometry":{"type":"Polygon","coordinates":[[[105.372,9.5973],[105.3552,9.5942],[105.3413,9.6127],[105.329,9.6057],[105.3062,9.6116],[105.3026,9.6278],[105.2846,9.6202],[105.2923,9.5884],[105.3071,9.5754],[105.3073,9.5568],[105.3207,9.55],[105.3286,9.529],[105.318,9.5135],[105.2956,9.5032],[105.2885,9.4578],[105.2935,9.4337],[105.3071,9.4156],[105.3176,9.3843],[105.293,9.3892],[105.2761,9.3998],[105.2576,9.4011],[105.1338,9.4798],[105.0577,9.5242],[105.0015,9.5594],[104.9896,9.5406],[104.961,9.5565],[104.9441,9.5334],[104.9145,9.5623],[104.8795,9.4951],[104.8439,9.5305],[104.8337,9.5336],[104.8239,9.35],[104.8205,9.2523],[104.8068,9.1778],[104.8107,9.1483],[104.8096,9.1048],[104.8018,9.0137],[104.8042,8.9809],[104.8015,8.9261],[104.797,8.8983],[104.7791,8.8196],[104.7906,8.79],[104.8101,8.7729],[104.8181,8.7476],[104.8106,8.733],[104.7902,8.7193],[104.7804,8.6957],[104.7923,8.6739],[104.7907,8.6562],[104.7539,8.6468],[104.737,8.6563],[104.7151,8.6496],[104.7106,8.6354],[104.7168,8.6067],[104.7443,8.5951],[104.7926,8.5829],[104.8288,8.5637],[104.855,8.573],[104.8728,8.5733],[104.9125,8.584],[104.9525,8.5895],[104.9822,8.6058],[105,8.6023],[105.049,8.6247],[105.1046,8.6414],[105.1251,8.6624],[105.1216,8.6716],[105.1363,8.6977],[105.1554,8.714],[105.1767,8.7429],[105.2193,8.7626],[105.2414,8.7656],[105.2669,8.7778],[105.299,8.8185],[105.3246,8.8379],[105.3554,8.8945],[105.3651,8.9227],[105.378,8.9426],[105.3821,8.9696],[105.3916,8.9972],[105.4025,9.0118],[105.4195,9.0211],[105.4758,9.0833],[105.5332,9.1187],[105.597,9.1446],[105.6042,9.1517],[105.7512,9.2081],[105.7586,9.2153],[105.8258,9.2465],[105.8171,9.2746],[105.8241,9.2777],[105.8104,9.3404],[105.8586,9.364],[105.8414,9.4046],[105.8084,9.372],[105.7895,9.3798],[105.7746,9.3948],[105.7702,9.4122],[105.7491,9.412],[105.7218,9.3917],[105.7063,9.3956],[105.7036,9.3788],[105.6836,9.3793],[105.6714,9.3918],[105.6521,9.3869],[105.6263,9.4202],[105.61,9.4126],[105.5859,9.4243],[105.5796,9.413],[105.5422,9.4546],[105.5529,9.5703],[105.5444,9.5874],[105.5232,9.5956],[105.5102,9.585],[105.5011,9.5925],[105.4823,9.5871],[105.4725,9.5943],[105.4468,9.5889],[105.4294,9.6014],[105.4083,9.5986],[105.3764,9.5873],[105.372,9.5973]]]},"properties":{"code":"96","name":"Cà Mau","nameEn":"Ca Mau"}}
]}